,compute_version,registers,smem,cmem,num_of_cores,L2,bandwith,theoretical_flops,AppId,number_of_lines_kernel,occupancy,input_size,duration,block_x,Actual,Predicted
6251,5.2,27,2048,348,2048,2.0,224.32,4980.736,4,15,100,2560,0.058081,16,-1.8446477190916566,-1.8452959579220425
6201,5.2,27,2048,348,3072,3.0,336.48,6610.944,4,15,100,6144,0.548509,16,-0.43307939714152316,-0.44184641035881017
6202,5.2,27,2048,348,3072,3.0,336.48,6610.944,4,15,100,6400,0.631046,16,-0.3132788937156304,-0.3109151124117666
6203,5.2,27,2048,348,3072,3.0,336.48,6610.944,4,15,100,6656,0.699128,16,-0.22423414579623935,-0.22364432620027463
6204,5.2,27,2048,348,3072,3.0,336.48,6610.944,4,15,100,6912,0.793544,16,-0.1125597010511987,-0.11309793861863293
6205,5.2,27,2048,348,3072,3.0,336.48,6610.944,4,15,100,7168,0.890112,16,-0.009937210939234538,-0.0083418308685566
6206,5.2,27,2048,348,3072,3.0,336.48,6610.944,4,15,100,7424,0.992329,16,0.08831211399767205,0.08713146316596786
6207,5.2,27,2048,348,3072,3.0,336.48,6610.944,4,15,100,7680,1.091355,16,0.17509131480917509,0.17689009381633686
6208,5.2,27,2048,348,3072,3.0,336.48,6610.944,4,15,100,7936,1.21543,16,0.2741636083758419,0.27912487115346873
6209,5.2,27,2048,348,3072,3.0,336.48,6610.944,4,15,100,8192,1.301501,16,0.3375438051436787,0.34008094673349204
6211,5.2,27,2048,348,1664,1.75,224.32,3580.928,4,15,100,512,0.000531256,16,-2.2972865948599046,-2.2972742475386214
6212,5.2,27,2048,348,1664,1.75,224.32,3580.928,4,15,100,768,0.001793379,16,-2.284810216273592,-2.2847969787211735
6213,5.2,27,2048,348,1664,1.75,224.32,3580.928,4,15,100,1024,0.004231708,16,-2.2611388965283656,-2.2611336723629325
6214,5.2,27,2048,348,1664,1.75,224.32,3580.928,4,15,100,1280,0.008281689,16,-2.223019215909224,-2.2231029697581577
6215,5.2,27,2048,348,1664,1.75,224.32,3580.928,4,15,100,1536,0.014275,16,-2.169147454764329,-2.1691499082523036
6216,5.2,27,2048,348,1664,1.75,224.32,3580.928,4,15,100,1792,0.022686,16,-2.098127033204609,-2.0981688731466197
6217,5.2,27,2048,348,1664,1.75,224.32,3580.928,4,15,100,2048,0.033627,16,-2.0127029424898155,-2.012696918572698
6218,5.2,27,2048,348,1664,1.75,224.32,3580.928,4,15,100,2304,0.048175,16,-1.909361271308235,-1.9092339153016584
6219,5.2,27,2048,348,1664,1.75,224.32,3580.928,4,15,100,2560,0.06599,16,-1.795827733404009,-1.795332684372803
6210,5.2,27,2048,348,1664,1.75,224.32,3580.928,4,15,100,256,7.2095e-05,16,-2.3018644027536554,-2.301865393159413
6200,5.2,27,2048,348,3072,3.0,336.48,6610.944,4,15,100,5888,0.496477,16,-0.516714596444051,-0.5173963959906307
6198,5.2,27,2048,348,3072,3.0,336.48,6610.944,4,15,100,5376,0.382343,16,-0.7290997997544902,-0.7257884489090215
6197,5.2,27,2048,348,3072,3.0,336.48,6610.944,4,15,100,5120,0.324617,16,-0.8565676928319431,-0.8650777360438212
6179,5.2,27,2048,348,3072,3.0,336.48,6610.944,4,15,100,512,0.000348964,16,-2.299101527659549,-2.2990999208419107
6180,5.2,27,2048,348,3072,3.0,336.48,6610.944,4,15,100,768,0.001146093,16,-2.2911893419176406,-2.2911981002461803
6181,5.2,27,2048,348,3072,3.0,336.48,6610.944,4,15,100,1024,0.002721438,16,-2.27573443991729,-2.2757195645970585
6182,5.2,27,2048,348,3072,3.0,336.48,6610.944,4,15,100,1280,0.005353533,16,-2.250433603461315,-2.2504306147280926
6183,5.2,27,2048,348,3072,3.0,336.48,6610.944,4,15,100,1536,0.009250027,16,-2.21411619786688,-2.2141033551800047
6184,5.2,27,2048,348,3072,3.0,336.48,6610.944,4,15,100,1792,0.014698,16,-2.165452691790465,-2.1655069393896236
6185,5.2,27,2048,348,3072,3.0,336.48,6610.944,4,15,100,2048,0.021688,16,-2.1062948869726954,-2.106453240559547
6186,5.2,27,2048,348,3072,3.0,336.48,6610.944,4,15,100,2304,0.031246,16,-2.0306818541652887,-2.0307468318033606
6199,5.2,27,2048,348,3072,3.0,336.48,6610.944,4,15,100,5632,0.429588,16,-0.6356559332263205,-0.6310033033544593
6187,5.2,27,2048,348,3072,3.0,336.48,6610.944,4,15,100,2560,0.042814,16,-1.9462121946664965,-1.9463575026663604
6189,5.2,27,2048,348,3072,3.0,336.48,6610.944,4,15,100,3072,0.07408,16,-1.7482403153145591,-1.7492575619143347
6190,5.2,27,2048,348,3072,3.0,336.48,6610.944,4,15,100,3328,0.09373,16,-1.6412898418832824,-1.6414274336653059
6191,5.2,27,2048,348,3072,3.0,336.48,6610.944,4,15,100,3584,0.118017,16,-1.5231822375820827,-1.5239911828596322
6192,5.2,27,2048,348,3072,3.0,336.48,6610.944,4,15,100,3840,0.143856,16,-1.4111773918386432,-1.40980265499843
6193,5.2,27,2048,348,3072,3.0,336.48,6610.944,4,15,100,4096,0.160987,16,-1.3432846813290436,-1.3453799026283753
6194,5.2,27,2048,348,3072,3.0,336.48,6610.944,4,15,100,4352,0.208266,16,-1.17679223236423,-1.1716074674613082
6195,5.2,27,2048,348,3072,3.0,336.48,6610.944,4,15,100,4608,0.239349,16,-1.0807262026467896,-1.0853471492082998
6196,5.2,27,2048,348,3072,3.0,336.48,6610.944,4,15,100,4864,0.28799,16,-0.9467757128868742,-0.947287978466171
6188,5.2,27,2048,348,3072,3.0,336.48,6610.944,4,15,100,2816,0.0572,16,-1.8502363989870307,-1.8508516615355128
6221,5.2,27,2048,348,1664,1.75,224.32,3580.928,4,15,100,3072,0.113886,16,-1.5423121161811917,-1.542015824355502
6222,5.2,27,2048,348,1664,1.75,224.32,3580.928,4,15,100,3328,0.145067,16,-1.4062236364355922,-1.4052382283338218
6223,5.2,27,2048,348,1664,1.75,224.32,3580.928,4,15,100,3584,0.173402,16,-1.2968120394300904,-1.2988228279562548
6270,5.2,27,2048,348,2048,2.0,224.32,4980.736,4,15,100,7424,1.32248,16,0.3524018271655555,0.3501970400677575
6269,5.2,27,2048,348,2048,2.0,224.32,4980.736,4,15,100,7168,1.185932,16,0.2514837472789688,0.2539326209568559
6268,5.2,27,2048,348,2048,2.0,224.32,4980.736,4,15,100,6912,1.064726,16,0.1524858662223745,0.1508089191909542
6267,5.2,27,2048,348,2048,2.0,224.32,4980.736,4,15,100,6656,0.951153,16,0.049887656941953996,0.05060921525106704
6266,5.2,27,2048,348,2048,2.0,224.32,4980.736,4,15,100,6400,0.846519,16,-0.05496423457755617,-0.05517055380402968
6265,5.2,27,2048,348,2048,2.0,224.32,4980.736,4,15,100,6144,0.743323,16,-0.17040523896817597,-0.17117629760089365
6264,5.2,27,2048,348,2048,2.0,224.32,4980.736,4,15,100,5888,0.655999,16,-0.27971522555480166,-0.27731235673173255
6263,5.2,27,2048,348,2048,2.0,224.32,4980.736,4,15,100,5632,0.569381,16,-0.40140187423486234,-0.40100529294815784
6262,5.2,27,2048,348,2048,2.0,224.32,4980.736,4,15,100,5376,0.496213,16,-0.5171572932123842,-0.5174562233331453
6247,5.2,27,2048,348,2048,2.0,224.32,4980.736,4,15,100,1536,0.012607,16,-2.1838513982461327,-2.1838622406961274
6261,5.2,27,2048,348,2048,2.0,224.32,4980.736,4,15,100,5120,0.426669,16,-0.6411830112593014,-0.6467783832413327
6248,5.2,27,2048,348,2048,2.0,224.32,4980.736,4,15,100,1792,0.020026,16,-2.1200468930022565,-2.119954714359794
6258,5.2,27,2048,348,2048,2.0,224.32,4980.736,4,15,100,4352,0.25947,16,-1.0231245545381655,-1.0265376508790287
6257,5.2,27,2048,348,2048,2.0,224.32,4980.736,4,15,100,4096,0.214898,16,-1.1555065021179376,-1.1543806370336047
6256,5.2,27,2048,348,2048,2.0,224.32,4980.736,4,15,100,3840,0.178692,16,-1.277648049606617,-1.2797808535407007
6255,5.2,27,2048,348,2048,2.0,224.32,4980.736,4,15,100,3584,0.144447,16,-1.408756762481143,-1.4082286039489025
6254,5.2,27,2048,348,2048,2.0,224.32,4980.736,4,15,100,3328,0.115908,16,-1.5329028879561095,-1.5325547000064936
6249,5.2,27,2048,348,2048,2.0,224.32,4980.736,4,15,100,2048,0.029641,16,-2.04298618706992,-2.0432781178705426
6253,5.2,27,2048,348,2048,2.0,224.32,4980.736,4,15,100,3072,0.090709,16,-1.6570065729429833,-1.6570654806650518
6252,5.2,27,2048,348,2048,2.0,224.32,4980.736,4,15,100,2816,0.07162,16,-1.7624725486031623,-1.7635848037389135
6260,5.2,27,2048,348,2048,2.0,224.32,4980.736,4,15,100,4864,0.364953,16,-0.765818953772047,-0.766135143601324
6250,5.2,27,2048,348,2048,2.0,224.32,4980.736,4,15,100,2304,0.042362,16,-1.9493821695486924,-1.9500004397041995
6246,5.2,27,2048,348,2048,2.0,224.32,4980.736,4,15,100,1280,0.007309079,16,-2.2320420196910584,-2.231966029526298
6244,5.2,27,2048,348,2048,2.0,224.32,4980.736,4,15,100,768,0.001414113,16,-2.288543016050329,-2.2885697523482342
6224,5.2,27,2048,348,1664,1.75,224.32,3580.928,4,15,100,3840,0.223274,16,-1.1292550181465884,-1.1328075152462216
6225,5.2,27,2048,348,1664,1.75,224.32,3580.928,4,15,100,4096,0.264443,16,-1.0093851183626557,-1.012008229762722
6226,5.2,27,2048,348,1664,1.75,224.32,3580.928,4,15,100,4352,0.314124,16,-0.8815898330948446,-0.8818196989632725
6227,5.2,27,2048,348,1664,1.75,224.32,3580.928,4,15,100,4608,0.361963,16,-0.7722704776875862,-0.7697822957794302
6228,5.2,27,2048,348,1664,1.75,224.32,3580.928,4,15,100,4864,0.415015,16,-0.6635592525289686,-0.6619583455513453
6229,5.2,27,2048,348,1664,1.75,224.32,3580.928,4,15,100,5120,0.493033,16,-0.5225052322916264,-0.5216884105504251
6230,5.2,27,2048,348,1664,1.75,224.32,3580.928,4,15,100,5376,0.568526,16,-0.4026799901523254,-0.4000201828142358
6231,5.2,27,2048,348,1664,1.75,224.32,3580.928,4,15,100,5632,0.64832,16,-0.289924585004561,-0.28930344755693627
6232,5.2,27,2048,348,1664,1.75,224.32,3580.928,4,15,100,5888,0.731088,16,-0.1850195932230999,-0.18302991341460126
6245,5.2,27,2048,348,2048,2.0,224.32,4980.736,4,15,100,1024,0.003400326,16,-2.269147164108136,-2.2691260104307345
6233,5.2,27,2048,348,1664,1.75,224.32,3580.928,4,15,100,6144,0.817643,16,-0.08594685288742965,-0.08536737637065546
6235,5.2,27,2048,348,1664,1.75,224.32,3580.928,4,15,100,6656,1.048764,16,0.1386865817734535,0.13696931618056218
6236,5.2,27,2048,348,1664,1.75,224.32,3580.928,4,15,100,6912,1.172356,16,0.24087029997428508,0.23788987654069058
6237,5.2,27,2048,348,1664,1.75,224.32,3580.928,4,15,100,7168,1.309606,16,0.34331023271739336,0.345075005930456
6238,5.2,27,2048,348,1664,1.75,224.32,3580.928,4,15,100,7424,1.451789,16,0.43940845891025015,0.44027544447045835
6239,5.2,27,2048,348,1664,1.75,224.32,3580.928,4,15,100,7680,1.614205,16,0.5389494162908988,0.5395075861244056
6240,5.2,27,2048,348,1664,1.75,224.32,3580.928,4,15,100,7936,1.764838,16,0.623174186052169,0.6222706437187397
6241,5.2,27,2048,348,1664,1.75,224.32,3580.928,4,15,100,8192,1.919519,16,0.7028593642464466,0.7049002323374038
6242,5.2,27,2048,348,2048,2.0,224.32,4980.736,4,15,100,256,5.4942e-05,16,-2.3020358238699536,-2.3020372739031654
6243,5.2,27,2048,348,2048,2.0,224.32,4980.736,4,15,100,512,0.000415661,16,-2.298437097833291,-2.2984313959631093
6234,5.2,27,2048,348,1664,1.75,224.32,3580.928,4,15,100,6400,0.937916,16,0.03721485661361284,0.036417427496191306
6220,5.2,27,2048,348,1664,1.75,224.32,3580.928,4,15,100,2816,0.087888,16,-1.6719092383594116,-1.6704339299089757
6277,5.2,27,8192,348,3072,3.0,336.48,6610.944,4,15,100,1024,0.002772894,32,-2.2752336377727773,-2.275247479422485
6272,5.2,27,2048,348,2048,2.0,224.32,4980.736,4,15,100,7936,1.618972,16,0.5417264377282038,0.5413016513508414
6342,5.2,27,8192,348,2048,2.0,224.32,4980.736,4,15,100,1280,0.006290167,32,-2.2415825002646756,-2.241578718601021
6341,5.2,27,8192,348,2048,2.0,224.32,4980.736,4,15,100,1024,0.003229274,32,-2.27080280336866,-2.270806453789464
6340,5.2,27,8192,348,2048,2.0,224.32,4980.736,4,15,100,768,0.001352297,32,-2.2891527423054328,-2.289145712985702
6339,5.2,27,8192,348,2048,2.0,224.32,4980.736,4,15,100,512,0.000399537,32,-2.2985976832889263,-2.2986032506296015
6338,5.2,27,8192,348,2048,2.0,224.32,4980.736,4,15,100,256,5.187e-05,32,-2.30206652747239,-2.30206452700745
6337,5.2,27,8192,348,1664,1.75,224.32,3580.928,4,15,100,8192,1.849006,32,0.667319499022481,0.6689682876143865
6336,5.2,27,8192,348,1664,1.75,224.32,3580.928,4,15,100,7936,1.67544,32,0.5740482795323366,0.5762217533774385
6335,5.2,27,8192,348,1664,1.75,224.32,3580.928,4,15,100,7680,1.504566,32,0.4728533150315359,0.4674782706139022
6334,5.2,27,8192,348,1664,1.75,224.32,3580.928,4,15,100,7424,1.36909,32,0.3846431614825061,0.3824299710521785
6343,5.2,27,8192,348,2048,2.0,224.32,4980.736,4,15,100,1536,0.010792,32,-2.2001007094417204,-2.2000691201281195
6333,5.2,27,8192,348,1664,1.75,224.32,3580.928,4,15,100,7168,1.246752,32,0.2976957676340213,0.2965438610667198
6331,5.2,27,8192,348,1664,1.75,224.32,3580.928,4,15,100,6656,0.99436,32,0.09016971751058979,0.08802367106068262
6330,5.2,27,8192,348,1664,1.75,224.32,3580.928,4,15,100,6400,0.880842,32,-0.0193438925310631,-0.019848671236823334
6329,5.2,27,8192,348,1664,1.75,224.32,3580.928,4,15,100,6144,0.772084,32,-0.1368695294373911,-0.138908053688424
6328,5.2,27,8192,348,1664,1.75,224.32,3580.928,4,15,100,5888,0.693951,32,-0.23073353248566503,-0.2309180906601781
6327,5.2,27,8192,348,1664,1.75,224.32,3580.928,4,15,100,5632,0.617842,32,-0.33150578986002976,-0.33234921286966085
6326,5.2,27,8192,348,1664,1.75,224.32,3580.928,4,15,100,5376,0.54279,32,-0.4419372021781845,-0.4425557500754805
6325,5.2,27,8192,348,1664,1.75,224.32,3580.928,4,15,100,5120,0.485655,32,-0.5350243999802867,-0.5343488297585124
6324,5.2,27,8192,348,1664,1.75,224.32,3580.928,4,15,100,4864,0.403142,32,-0.6868828425602628,-0.6844764269685594
6323,5.2,27,8192,348,1664,1.75,224.32,3580.928,4,15,100,4608,0.350502,32,-0.7973927624319455,-0.8032367021841881
6332,5.2,27,8192,348,1664,1.75,224.32,3580.928,4,15,100,6912,1.092093,32,0.17571058573397388,0.1767560419100313
6344,5.2,27,8192,348,2048,2.0,224.32,4980.736,4,15,100,1792,0.019139,32,-2.1274644003034755,-2.127437262451072
6345,5.2,27,8192,348,2048,2.0,224.32,4980.736,4,15,100,2048,0.028554,32,-2.05140622945718,-2.0515901578588873
6346,5.2,27,8192,348,2048,2.0,224.32,4980.736,4,15,100,2304,0.040605,32,-1.9618007383602138,-1.9620335691494275
6367,5.2,27,8192,348,2048,2.0,224.32,4980.736,4,15,100,7680,1.350741,32,0.37207446038159,0.3714892650630924
6366,5.2,27,8192,348,2048,2.0,224.32,4980.736,4,15,100,7424,1.22082,32,0.27825275584711423,0.2791829678471527
6365,5.2,27,8192,348,2048,2.0,224.32,4980.736,4,15,100,7168,1.095495,32,0.1785603255570155,0.18025525649762048
6364,5.2,27,8192,348,2048,2.0,224.32,4980.736,4,15,100,6912,0.983425,32,0.08012731947847215,0.0838527713620626
6363,5.2,27,8192,348,2048,2.0,224.32,4980.736,4,15,100,6656,0.877662,32,-0.0225912719538775,-0.020137800731857086
6362,5.2,27,8192,348,2048,2.0,224.32,4980.736,4,15,100,6400,0.781161,32,-0.1265149228635872,-0.128628634288415
6361,5.2,27,8192,348,2048,2.0,224.32,4980.736,4,15,100,6144,0.689077,32,-0.2368913710095749,-0.23710309056217366
6360,5.2,27,8192,348,2048,2.0,224.32,4980.736,4,15,100,5888,0.607451,32,-0.3460869098137171,-0.34486070094780014
6359,5.2,27,8192,348,2048,2.0,224.32,4980.736,4,15,100,5632,0.53087,32,-0.4606554598534149,-0.46050865012362907
6358,5.2,27,8192,348,2048,2.0,224.32,4980.736,4,15,100,5376,0.461984,32,-0.5762818992446066,-0.580130438371608
6357,5.2,27,8192,348,2048,2.0,224.32,4980.736,4,15,100,5120,0.398648,32,-0.6958548429715424,-0.6944683156713335
6356,5.2,27,8192,348,2048,2.0,224.32,4980.736,4,15,100,4864,0.342037,32,-0.8163616900007197,-0.8166649066736303
6355,5.2,27,8192,348,2048,2.0,224.32,4980.736,4,15,100,4608,0.290784,32,-0.939600301309779,-0.9363544972080026
6354,5.2,27,8192,348,2048,2.0,224.32,4980.736,4,15,100,4352,0.245168,32,-1.063724023953889,-1.0647729859730046
6353,5.2,27,8192,348,2048,2.0,224.32,4980.736,4,15,100,4096,0.204024,32,-1.1906486333236737,-1.1904974795028311
6352,5.2,27,8192,348,2048,2.0,224.32,4980.736,4,15,100,3840,0.168488,32,-1.314949058769398,-1.3150385897976196
6351,5.2,27,8192,348,2048,2.0,224.32,4980.736,4,15,100,3584,0.136834,32,-1.4403958051979822,-1.4393751164134176
6350,5.2,27,8192,348,2048,2.0,224.32,4980.736,4,15,100,3328,0.109639,32,-1.5623682751415937,-1.5635402152740496
6349,5.2,27,8192,348,2048,2.0,224.32,4980.736,4,15,100,3072,0.086501,32,-1.679318677982347,-1.6795742661696926
6348,5.2,27,8192,348,2048,2.0,224.32,4980.736,4,15,100,2816,0.074015,32,-1.7486137765866572,-1.74943158920117
6347,5.2,27,8192,348,2048,2.0,224.32,4980.736,4,15,100,2560,0.055704,32,-1.859798510041863,-1.8587511783241117
6322,5.2,27,8192,348,1664,1.75,224.32,3580.928,4,15,100,4352,0.307696,32,-0.8972334803406976,-0.8977236145222259
6321,5.2,27,8192,348,1664,1.75,224.32,3580.928,4,15,100,4096,0.262282,32,-1.0153323648988204,-1.0116617724265966
6320,5.2,27,8192,348,1664,1.75,224.32,3580.928,4,15,100,3840,0.221572,32,-1.1345338101442917,-1.1380310864139973
6319,5.2,27,8192,348,1664,1.75,224.32,3580.928,4,15,100,3584,0.175375,32,-1.2896214738596297,-1.2882764091526027
6293,5.2,27,8192,348,3072,3.0,336.48,6610.944,4,15,100,5120,0.319478,32,-0.8687441978350606,-0.8701601393952174
6292,5.2,27,8192,348,3072,3.0,336.48,6610.944,4,15,100,4864,0.276552,32,-0.9766991270692508,-0.9740494953197429
6291,5.2,27,8192,348,3072,3.0,336.48,6610.944,4,15,100,4608,0.241858,32,-1.0733598328192242,-1.069886963766854
6290,5.2,27,8192,348,3072,3.0,336.48,6610.944,4,15,100,4352,0.194704,32,-1.22178381620539,-1.2188506503298475
6289,5.2,27,8192,348,3072,3.0,336.48,6610.944,4,15,100,4096,0.167222,32,-1.3196755053796723,-1.3218227706852792
6288,5.2,27,8192,348,3072,3.0,336.48,6610.944,4,15,100,3840,0.141249,32,-1.4219256838493528,-1.4219966106201942
6287,5.2,27,8192,348,3072,3.0,336.48,6610.944,4,15,100,3584,0.115493,32,-1.5348268525645135,-1.533578936775792
6286,5.2,27,8192,348,3072,3.0,336.48,6610.944,4,15,100,3328,0.092507,32,-1.6476227622790753,-1.6468318233692947
6285,5.2,27,8192,348,3072,3.0,336.48,6610.944,4,15,100,3072,0.072819,32,-1.7555104749529435,-1.7555617061153013
6284,5.2,27,8192,348,3072,3.0,336.48,6610.944,4,15,100,2816,0.056121,32,-1.8571239313610028,-1.8575018305752748
6283,5.2,27,8192,348,3072,3.0,336.48,6610.944,4,15,100,2560,0.042143,32,-1.9509216858542369,-1.9507545605675896
6282,5.2,27,8192,348,3072,3.0,336.48,6610.944,4,15,100,2304,0.030815,32,-2.0339711676350785,-2.0340596892327736
6281,5.2,27,8192,348,3072,3.0,336.48,6610.944,4,15,100,2048,0.021672,32,-2.1064263794120692,-2.106479460820604
6280,5.2,27,8192,348,3072,3.0,336.48,6610.944,4,15,100,1792,0.014488,32,-2.1672852649735623,-2.16731898430704
6279,5.2,27,8192,348,3072,3.0,336.48,6610.944,4,15,100,1536,0.009160995,32,-2.2149314681230794,-2.214937793216649
6278,5.2,27,8192,348,3072,3.0,336.48,6610.944,4,15,100,1280,0.005337819,32,-2.250582769527031,-2.2505827268575
6178,5.2,27,2048,348,3072,3.0,336.48,6610.944,4,15,100,256,5.3153e-05,16,-2.302053704206079,-2.3020551556474786
6276,5.2,27,8192,348,3072,3.0,336.48,6610.944,4,15,100,768,0.001139597,32,-2.2912535679140738,-2.291237103514137
6275,5.2,27,8192,348,3072,3.0,336.48,6610.944,4,15,100,512,0.000349444,32,-2.2990967443630113,-2.29910149299998
6274,5.2,27,8192,348,3072,3.0,336.48,6610.944,4,15,100,256,5.3184e-05,32,-2.302053394370814,-2.3020541090025635
6273,5.2,27,2048,348,2048,2.0,224.32,4980.736,4,15,100,8192,1.76967,16,0.6257619447054936,0.62187848825126
6294,5.2,27,8192,348,3072,3.0,336.48,6610.944,4,15,100,5376,0.358957,32,-0.778798755227228,-0.7772195974728656
6271,5.2,27,2048,348,2048,2.0,224.32,4980.736,4,15,100,7680,1.467632,16,0.44956620050574725,0.45276219786205674
6295,5.2,27,8192,348,3072,3.0,336.48,6610.944,4,15,100,5632,0.409651,32,-0.6740291012387661,-0.6724844825419393
6297,5.2,27,8192,348,3072,3.0,336.48,6610.944,4,15,100,6144,0.529611,32,-0.46265311062114756,-0.4617404645147261
6318,5.2,27,8192,348,1664,1.75,224.32,3580.928,4,15,100,3328,0.135805,32,-1.4447500866931593,-1.4449275187235446
6317,5.2,27,8192,348,1664,1.75,224.32,3580.928,4,15,100,3072,0.11416,32,-1.54103187977004,-1.5413638009660786
6316,5.2,27,8192,348,1664,1.75,224.32,3580.928,4,15,100,2816,0.087802,32,-1.6723670626374183,-1.6715706451045003
6315,5.2,27,8192,348,1664,1.75,224.32,3580.928,4,15,100,2560,0.066098,32,-1.7951773033745737,-1.795210059885686
6314,5.2,27,8192,348,1664,1.75,224.32,3580.928,4,15,100,2304,0.048196,32,-1.9092195570377084,-1.9092226449623217
6313,5.2,27,8192,348,1664,1.75,224.32,3580.928,4,15,100,2048,0.033876,32,-2.0108412805875937,-2.0108391742075895
6312,5.2,27,8192,348,1664,1.75,224.32,3580.928,4,15,100,1792,0.022731,32,-2.0977603104388325,-2.09768205716271
6311,5.2,27,8192,348,1664,1.75,224.32,3580.928,4,15,100,1536,0.014323,32,-2.168727503577482,-2.168587060828266
6310,5.2,27,8192,348,1664,1.75,224.32,3580.928,4,15,100,1280,0.008325191,32,-2.2226175481451635,-2.2225966875858587
6309,5.2,27,8192,348,1664,1.75,224.32,3580.928,4,15,100,1024,0.004282176,32,-2.2606548232377306,-2.2606666672745446
6308,5.2,27,8192,348,1664,1.75,224.32,3580.928,4,15,100,768,0.001839987,32,-2.2843524523842116,-2.284373948022756
6307,5.2,27,8192,348,1664,1.75,224.32,3580.928,4,15,100,512,0.000537277,32,-2.2972267048322412,-2.2972136306283213
6306,5.2,27,8192,348,1664,1.75,224.32,3580.928,4,15,100,256,8.2176e-05,32,-2.301763670453933,-2.301754271141677
6305,5.2,27,8192,348,3072,3.0,336.48,6610.944,4,15,100,8192,1.223653,32,0.280395338572503,0.28084228146961365
6304,5.2,27,8192,348,3072,3.0,336.48,6610.944,4,15,100,7936,1.120708,32,0.19943101828891943,0.19573219643139017
6303,5.2,27,8192,348,3072,3.0,336.48,6610.944,4,15,100,7680,1.022746,32,0.11577747029844665,0.11207783486177895
6302,5.2,27,8192,348,3072,3.0,336.48,6610.944,4,15,100,7424,0.924686,32,0.024386224194825667,0.026302294677497024
6301,5.2,27,8192,348,3072,3.0,336.48,6610.944,4,15,100,7168,0.834161,32,-0.06810647873481893,-0.06967238070549492
6300,5.2,27,8192,348,3072,3.0,336.48,6610.944,4,15,100,6912,0.749892,32,-0.16264599639396046,-0.16327147694726665
6299,5.2,27,8192,348,3072,3.0,336.48,6610.944,4,15,100,6656,0.661021,32,-0.27309432623181135,-0.2724099444588612
6298,5.2,27,8192,348,3072,3.0,336.48,6610.944,4,15,100,6400,0.592715,32,-0.3671366197921884,-0.3635315413430058
6296,5.2,27,8192,348,3072,3.0,336.48,6610.944,4,15,100,5888,0.476481,32,-0.550812897318302,-0.5519231358938423
6177,5.2,31,512,348,2048,2.0,224.32,4980.736,4,15,100,8192,4.378105,8,1.4991999658695063,1.5007381116592964
6099,5.2,31,512,348,3072,3.0,336.48,6610.944,4,15,100,4608,0.722286,8,-0.195667012566736,-0.19401122325987014
6175,5.2,31,512,348,2048,2.0,224.32,4980.736,4,15,100,7680,3.79354,8,1.3593187695149425,1.358918323022676
355,3.0,25,8192,348,1536,0.5,192.256,3250.176,4,15,100,1024,0.00790782,32,-2.2264779348307604,-2.226511514368755
354,3.0,25,8192,348,1536,0.5,192.256,3250.176,4,15,100,768,0.003351332,32,-2.269621104693581,-2.2696219907626958
353,3.0,25,8192,348,1536,0.5,192.256,3250.176,4,15,100,512,0.001007147,32,-2.2925640022681786,-2.2926107071950153
352,3.0,25,8192,348,1536,0.5,192.256,3250.176,4,15,100,256,0.000128641,32,-2.3012995097104683,-2.3013018720880014
351,3.0,25,2048,348,1536,0.5,192.256,3250.176,4,15,100,8192,4.97945,16,1.6252029880124828,1.6259929026795308
350,3.0,25,2048,348,1536,0.5,192.256,3250.176,4,15,100,7936,4.493037,16,1.5245414610482002,1.5231937487848746
349,3.0,25,2048,348,1536,0.5,192.256,3250.176,4,15,100,7680,4.107917,16,1.4369677509062806,1.436503380444515
348,3.0,25,2048,348,1536,0.5,192.256,3250.176,4,15,100,7424,3.659182,16,1.3242013805421855,1.3227949897799371
347,3.0,25,2048,348,1536,0.5,192.256,3250.176,4,15,100,7168,3.333383,16,1.233546072482266,1.2340138994540744
356,3.0,25,8192,348,1536,0.5,192.256,3250.176,4,15,100,1280,0.015484,32,-2.1586232867547257,-2.1586060772470335
346,3.0,25,2048,348,1536,0.5,192.256,3250.176,4,15,100,6912,2.958122,16,1.1178010020675142,1.1172857487045385
344,3.0,25,2048,348,1536,0.5,192.256,3250.176,4,15,100,6400,2.33912,16,0.8916373185154837,0.8927807988468214
343,3.0,25,2048,348,1536,0.5,192.256,3250.176,4,15,100,6144,2.07214,16,0.7757128567163591,0.7746090631545093
342,3.0,25,2048,348,1536,0.5,192.256,3250.176,4,15,100,5888,1.82139,16,0.6530488824416001,0.6529711445644457
341,3.0,25,2048,348,1536,0.5,192.256,3250.176,4,15,100,5632,1.587156,16,0.5230442711320832,0.5173501828808668
340,3.0,25,2048,348,1536,0.5,192.256,3250.176,4,15,100,5376,1.379904,16,0.3919772208073426,0.3924964065433702
339,3.0,25,2048,348,1536,0.5,192.256,3250.176,4,15,100,5120,1.188166,16,0.2532195013651698,0.25383715504519616
338,3.0,25,2048,348,1536,0.5,192.256,3250.176,4,15,100,4864,1.01677,16,0.11044059020098518,0.10810675398402594
337,3.0,25,2048,348,1536,0.5,192.256,3250.176,4,15,100,4608,0.865488,16,-0.03512160598417731,-0.0331242295722011
336,3.0,25,2048,348,1536,0.5,192.256,3250.176,4,15,100,4352,0.727781,16,-0.1890066523348778,-0.18916558714500165
345,3.0,25,2048,348,1536,0.5,192.256,3250.176,4,15,100,6656,2.638746,16,1.0075001514061623,1.014057776888255
335,3.0,25,2048,348,1536,0.5,192.256,3250.176,4,15,100,4096,0.603458,16,-0.3517471057024356,-0.3586627690101617
357,3.0,25,8192,348,1536,0.5,192.256,3250.176,4,15,100,1536,0.026659,32,-2.066256843077396,-2.066354401701133
359,3.0,25,8192,348,1536,0.5,192.256,3250.176,4,15,100,2048,0.063121,32,-1.8132630222786223,-1.8129414872875071
379,3.0,25,8192,348,1536,0.5,192.256,3250.176,4,15,100,7168,2.732205,32,1.0410555602173102,1.040736367025855
378,3.0,25,8192,348,1536,0.5,192.256,3250.176,4,15,100,6912,2.449522,32,0.9359058906188118,0.9326504664363955
377,3.0,25,8192,348,1536,0.5,192.256,3250.176,4,15,100,6656,2.185731,32,0.8266858856577318,0.8255737930416853
376,3.0,25,8192,348,1536,0.5,192.256,3250.176,4,15,100,6400,1.9405,32,0.7131948758637232,0.7124367122187714
375,3.0,25,8192,348,1536,0.5,192.256,3250.176,4,15,100,6144,1.706461,32,0.5913696826650731,0.5932266414578278
374,3.0,25,8192,348,1536,0.5,192.256,3250.176,4,15,100,5888,1.511346,32,0.4770698545669761,0.47047336292425757
373,3.0,25,8192,348,1536,0.5,192.256,3250.176,4,15,100,5632,1.323042,32,0.35279683378107796,0.3513378583439376
372,3.0,25,8192,348,1536,0.5,192.256,3250.176,4,15,100,5376,1.142521,32,0.21714238025427024,0.21767714568242286
371,3.0,25,8192,348,1536,0.5,192.256,3250.176,4,15,100,5120,0.985873,32,0.08238427176362798,0.08286566227194665
358,3.0,25,8192,348,1536,0.5,192.256,3250.176,4,15,100,1792,0.042241,32,-1.9502324768700519,-1.9501958167309277
370,3.0,25,8192,348,1536,0.5,192.256,3250.176,4,15,100,4864,0.848677,32,-0.05268689657909708,-0.04855499179517726
368,3.0,25,8192,348,1536,0.5,192.256,3250.176,4,15,100,4352,0.608667,32,-0.344369538381578,-0.3443899923659741
367,3.0,25,8192,348,1536,0.5,192.256,3250.176,4,15,100,4096,0.507228,32,-0.4988509406569199,-0.5043581282542173
366,3.0,25,8192,348,1536,0.5,192.256,3250.176,4,15,100,3840,0.418102,32,-0.657583144910208,-0.656512896158194
365,3.0,25,8192,348,1536,0.5,192.256,3250.176,4,15,100,3584,0.339842,32,-0.8213397074675004,-0.8216421073804873
364,3.0,25,8192,348,1536,0.5,192.256,3250.176,4,15,100,3328,0.272011,32,-0.9888318552536981,-0.9923941906874897
363,3.0,25,8192,348,1536,0.5,192.256,3250.176,4,15,100,3072,0.213754,32,-1.1591460396134272,-1.1592927153829333
362,3.0,25,8192,348,1536,0.5,192.256,3250.176,4,15,100,2816,0.164552,32,-1.329717449653013,-1.3263877713482162
361,3.0,25,8192,348,1536,0.5,192.256,3250.176,4,15,100,2560,0.131626,32,-1.4626312770626733,-1.4617690418633331
360,3.0,25,8192,348,1536,0.5,192.256,3250.176,4,15,100,2304,0.095896,32,-1.6301713728210125,-1.632129559608233
369,3.0,25,8192,348,1536,0.5,192.256,3250.176,4,15,100,4608,0.72217,32,-0.19580809265667748,-0.19261723158381208
380,3.0,25,8192,348,1536,0.5,192.256,3250.176,4,15,100,7424,3.031338,32,1.1414603892485489,1.1387633106000972
334,3.0,25,2048,348,1536,0.5,192.256,3250.176,4,15,100,3840,0.498468,16,-0.5133822224143557,-0.5159556324787613
332,3.0,25,2048,348,1536,0.5,192.256,3250.176,4,15,100,3328,0.324093,16,-0.8578025081789558,-0.8614180406014011
307,3.0,32,512,348,1536,0.5,192.256,3250.176,4,15,50,5120,2.344728,8,0.8939338692946167,0.8954663553429117
306,3.0,32,512,348,1536,0.5,192.256,3250.176,4,15,50,4864,2.032578,8,0.7573315765025905,0.7574590809306757
305,3.0,32,512,348,1536,0.5,192.256,3250.176,4,15,50,4608,1.709398,8,0.592994193270107,0.5947232233437023
304,3.0,32,512,348,1536,0.5,192.256,3250.176,4,15,50,4352,1.451736,8,0.4393743041990716,0.4398398236525251
303,3.0,32,512,348,1536,0.5,192.256,3250.176,4,15,50,4096,1.185529,8,0.2511703067847912,0.25107696138924257
302,3.0,32,512,348,1536,0.5,192.256,3250.176,4,15,50,3840,0.987934,8,0.0842804848290457,0.08239921639273629
301,3.0,32,512,348,1536,0.5,192.256,3250.176,4,15,50,3584,0.788914,8,-0.1177547860554072,-0.11431578665884289
300,3.0,32,512,348,1536,0.5,192.256,3250.176,4,15,50,3328,0.638776,8,-0.3027605162956956,-0.30317433986981907
299,3.0,32,512,348,1536,0.5,192.256,3250.176,4,15,50,3072,0.489206,8,-0.5289794111461222,-0.5317668552579162
308,3.0,32,512,348,1536,0.5,192.256,3250.176,4,15,50,5376,2.784795,8,1.0594538402430067,1.0601328139587272
298,3.0,32,512,348,1536,0.5,192.256,3250.176,4,15,50,2816,0.381032,8,-0.7318214830227414,-0.7350341507844743
296,3.0,32,512,348,1536,0.5,192.256,3250.176,4,15,50,2304,0.204274,8,-1.1898266677276153,-1.1880934599113813
295,3.0,32,512,348,1536,0.5,192.256,3250.176,4,15,50,2048,0.14103,8,-1.4228338719108389,-1.4234745584257629
294,3.0,32,512,348,1536,0.5,192.256,3250.176,4,15,50,1792,0.094731,8,-1.6361361599662707,-1.637002874217258
293,3.0,32,512,348,1536,0.5,192.256,3250.176,4,15,50,1536,0.060282,8,-1.8308205151288304,-1.830036495790046
292,3.0,32,512,348,1536,0.5,192.256,3250.176,4,15,50,1280,0.034728,8,-2.0044973478283836,-2.0045534560612026
291,3.0,32,512,348,1536,0.5,192.256,3250.176,4,15,50,1024,0.017558,8,-2.140823450165452,-2.1407991449336823
290,3.0,32,512,348,1536,0.5,192.256,3250.176,4,15,50,768,0.007433022,8,-2.230887676754245,-2.230906739156877
289,3.0,32,512,348,1536,0.5,192.256,3250.176,4,15,50,512,0.002197406,8,-2.280848983139348,-2.280823746502305
288,3.0,32,512,348,1536,0.5,192.256,3250.176,4,15,50,256,0.000271811,8,-2.2998706703747387,-2.299876366691521
297,3.0,32,512,348,1536,0.5,192.256,3250.176,4,15,50,2560,0.284864,8,-0.954865253853931,-0.955135872223168
333,3.0,25,2048,348,1536,0.5,192.256,3250.176,4,15,100,3584,0.403502,16,-0.6861675946367717,-0.6839463081142731
309,3.0,32,512,348,1536,0.5,192.256,3250.176,4,15,50,5632,3.194603,8,1.192285675111281,1.192094850170503
311,3.0,32,512,348,1536,0.5,192.256,3250.176,4,15,50,6144,4.125141,8,1.4410526330333433,1.442066472759197
331,3.0,25,2048,348,1536,0.5,192.256,3250.176,4,15,100,3072,0.254341,16,-1.0374955526656087,-1.0339955258484148
330,3.0,25,2048,348,1536,0.5,192.256,3250.176,4,15,100,2816,0.195781,16,-1.2181359633580262,-1.2199779669957234
329,3.0,25,2048,348,1536,0.5,192.256,3250.176,4,15,100,2560,0.147237,16,-1.3974078882235879,-1.3999680217819905
328,3.0,25,2048,348,1536,0.5,192.256,3250.176,4,15,100,2304,0.113854,16,-1.5424617397845943,-1.5425597994066798
327,3.0,25,2048,348,1536,0.5,192.256,3250.176,4,15,100,2048,0.075129,16,-1.7422324337578337,-1.7427204319931568
326,3.0,25,2048,348,1536,0.5,192.256,3250.176,4,15,100,1792,0.050327,16,-1.8949423576381073,-1.8954886007885734
325,3.0,25,2048,348,1536,0.5,192.256,3250.176,4,15,100,1536,0.031754,16,-2.0268187314902275,-2.026772268489789
324,3.0,25,2048,348,1536,0.5,192.256,3250.176,4,15,100,1280,0.018386,16,-2.1338048067667583,-2.1337650279732143
323,3.0,25,2048,348,1536,0.5,192.256,3250.176,4,15,100,1024,0.009404344,16,-2.212704682287148,-2.2127516331234793
310,3.0,32,512,348,1536,0.5,192.256,3250.176,4,15,50,5888,3.734596,8,1.3440640837680367,1.3421682032670363
322,3.0,25,2048,348,1536,0.5,192.256,3250.176,4,15,100,768,0.003989662,16,-2.2634637886278077,-2.263501744367956
320,3.0,25,2048,348,1536,0.5,192.256,3250.176,4,15,100,256,0.000152641,16,-2.3010598467736703,-2.3010619680676445
319,3.0,32,512,348,1536,0.5,192.256,3250.176,4,15,50,8192,9.970793,8,2.309639452388639,2.313919029938846
318,3.0,32,512,348,1536,0.5,192.256,3250.176,4,15,50,7936,9.377727,8,2.248944519585515,2.244310743724149
317,3.0,32,512,348,1536,0.5,192.256,3250.176,4,15,50,7680,8.308536,8,2.1292473803534375,2.1279846621525254
316,3.0,32,512,348,1536,0.5,192.256,3250.176,4,15,50,7424,7.489791,8,2.0268040547965254,2.0279562647525937
315,3.0,32,512,348,1536,0.5,192.256,3250.176,4,15,50,7168,6.63358,8,1.9071069487314194,1.9022660281304165
314,3.0,32,512,348,1536,0.5,192.256,3250.176,4,15,50,6912,6.021932,8,1.8118777329803168,1.814365058716412
313,3.0,32,512,348,1536,0.5,192.256,3250.176,4,15,50,6656,5.362123,8,1.697837542021687,1.696686501871994
312,3.0,32,512,348,1536,0.5,192.256,3250.176,4,15,50,6400,4.756244,8,1.5802652996118216,1.5801565907203317
321,3.0,25,2048,348,1536,0.5,192.256,3250.176,4,15,100,512,0.001193712,16,-2.2907186584465444,-2.2907061630276475
381,3.0,25,8192,348,1536,0.5,192.256,3250.176,4,15,100,7680,3.363137,32,1.2421748257119793,1.241961245001239
382,3.0,25,8192,348,1536,0.5,192.256,3250.176,4,15,100,7936,3.713396,32,1.3385201307149461,1.3398554188506253
383,3.0,25,8192,348,1536,0.5,192.256,3250.176,4,15,100,8192,4.077819,32,1.4297893400322272,1.4278700357559186
6150,5.2,31,512,348,2048,2.0,224.32,4980.736,4,15,100,1280,0.010541,8,-2.2023687861189347,-2.2023189454941607
6149,5.2,31,512,348,2048,2.0,224.32,4980.736,4,15,100,1024,0.003833123,8,-2.2649702551069737,-2.264944209135313
6148,5.2,31,512,348,2048,2.0,224.32,4980.736,4,15,100,768,0.001590048,8,-2.2868097013913453,-2.286822916946935
6147,5.2,31,512,348,2048,2.0,224.32,4980.736,4,15,100,512,0.000471566,8,-2.297880516887075,-2.297862829275658
6146,5.2,31,512,348,2048,2.0,224.32,4980.736,4,15,100,256,6.2334e-05,8,-2.301961947189728,-2.3019625985145327
6145,5.2,31,512,348,1664,1.75,224.32,3580.928,4,15,100,8192,5.242948,8,1.6757775605681773,1.676031678378233
6144,5.2,31,512,348,1664,1.75,224.32,3580.928,4,15,100,7936,4.732263,8,1.5753148879592669,1.5762215689738284
6143,5.2,31,512,348,1664,1.75,224.32,3580.928,4,15,100,7680,4.38531,8,1.500807612408642,1.5012564043418664
6142,5.2,31,512,348,1664,1.75,224.32,3580.928,4,15,100,7424,3.869657,8,1.3786796929816916,1.3792509383335056
6151,5.2,31,512,348,2048,2.0,224.32,4980.736,4,15,100,1536,0.020113,8,-2.1193223126233396,-2.1193275320637492
6141,5.2,31,512,348,1664,1.75,224.32,3580.928,4,15,100,7168,3.412395,8,1.2562981409746183,1.260052817537612
6139,5.2,31,512,348,1664,1.75,224.32,3580.928,4,15,100,6656,2.599357,8,0.993013596500362,0.995693747734328
6138,5.2,31,512,348,1664,1.75,224.32,3580.928,4,15,100,6400,2.311575,8,0.8802800610177615,0.8760249673228444
6137,5.2,31,512,348,1664,1.75,224.32,3580.928,4,15,100,6144,2.087094,8,0.782573722023821,0.7822319942594078
6136,5.2,31,512,348,1664,1.75,224.32,3580.928,4,15,100,5888,1.835268,8,0.6602458181833164,0.660552668468675
6135,5.2,31,512,348,1664,1.75,224.32,3580.928,4,15,100,5632,1.604604,8,0.5333328256948827,0.5377311712145904
6134,5.2,31,512,348,1664,1.75,224.32,3580.928,4,15,100,5376,1.379802,8,0.39190829504239133,0.3922555504817752
6133,5.2,31,512,348,1664,1.75,224.32,3580.928,4,15,100,5120,1.201978,8,0.26388464656220706,0.2618399461342702
6132,5.2,31,512,348,1664,1.75,224.32,3580.928,4,15,100,4864,1.029996,8,0.12221409289497516,0.12653256169577737
6131,5.2,31,512,348,1664,1.75,224.32,3580.928,4,15,100,4608,0.844457,8,-0.05714511981066756,-0.05694239466503987
6140,5.2,31,512,348,1664,1.75,224.32,3580.928,4,15,100,6912,2.991869,8,1.1287757624279107,1.1257340789077035
6130,5.2,31,512,348,1664,1.75,224.32,3580.928,4,15,100,4352,0.709547,8,-0.21128044701870252,-0.21182134147721002
6152,5.2,31,512,348,2048,2.0,224.32,4980.736,4,15,100,1792,0.037302,8,-1.9855723996719152,-1.985410792669281
6154,5.2,31,512,348,2048,2.0,224.32,4980.736,4,15,100,2304,0.083694,8,-1.6944839492432997,-1.6951468168187467
6174,5.2,31,512,348,2048,2.0,224.32,4980.736,4,15,100,7424,3.238824,8,1.205618649179943,1.2072666666473297
6173,5.2,31,512,348,2048,2.0,224.32,4980.736,4,15,100,7168,2.865097,8,1.0869097469229962,1.0866249170924902
6172,5.2,31,512,348,2048,2.0,224.32,4980.736,4,15,100,6912,2.524154,8,0.9647585583840994,0.9640193733743607
6171,5.2,31,512,348,2048,2.0,224.32,4980.736,4,15,100,6656,2.200735,8,0.8332286371024068,0.8292281599440418
6170,5.2,31,512,348,2048,2.0,224.32,4980.736,4,15,100,6400,2.019987,8,0.7514099565896482,0.7483855749627734
6169,5.2,31,512,348,2048,2.0,224.32,4980.736,4,15,100,6144,1.753115,8,0.6168680068993426,0.6155249093112406
6168,5.2,31,512,348,2048,2.0,224.32,4980.736,4,15,100,5888,1.597145,8,0.5289474275046512,0.5306536923271774
6167,5.2,31,512,348,2048,2.0,224.32,4980.736,4,15,100,5632,1.370398,8,0.3855331124442583,0.38276144997537864
6166,5.2,31,512,348,2048,2.0,224.32,4980.736,4,15,100,5376,1.198963,8,0.2615662538339946,0.2636726509727254
6153,5.2,31,512,348,2048,2.0,224.32,4980.736,4,15,100,2048,0.034427,8,-2.0067339782122127,-2.007431405430446
6165,5.2,31,512,348,2048,2.0,224.32,4980.736,4,15,100,5120,1.029129,8,0.12144653904774207,0.1263718374082479
6163,5.2,31,512,348,2048,2.0,224.32,4980.736,4,15,100,4608,0.717396,8,-0.20163160142889572,-0.2048527158050869
6162,5.2,31,512,348,2048,2.0,224.32,4980.736,4,15,100,4352,0.605567,8,-0.3487535440907287,-0.34717917032747175
6161,5.2,31,512,348,2048,2.0,224.32,4980.736,4,15,100,4096,0.284635,8,-0.955460446327892,-0.955707636942489
6160,5.2,31,512,348,2048,2.0,224.32,4980.736,4,15,100,3840,0.341594,8,-0.8173643710680767,-0.8198071667374327
6159,5.2,31,512,348,2048,2.0,224.32,4980.736,4,15,100,3584,0.292097,8,-0.9362460208225317,-0.9359615537737572
6158,5.2,31,512,348,2048,2.0,224.32,4980.736,4,15,100,3328,0.238254,8,-1.08395818642836,-1.0882909421228153
6157,5.2,31,512,348,2048,2.0,224.32,4980.736,4,15,100,3072,0.184652,8,-1.256487897437237,-1.2575181170286769
6156,5.2,31,512,348,2048,2.0,224.32,4980.736,4,15,100,2816,0.145022,8,-1.4064072765504547,-1.4048583225879394
6155,5.2,31,512,348,2048,2.0,224.32,4980.736,4,15,100,2560,0.107229,8,-1.5739308170005293,-1.5742871482094765
6164,5.2,31,512,348,2048,2.0,224.32,4980.736,4,15,100,4864,0.891536,8,-0.008500023058130485,-0.00818033305543981
6129,5.2,31,512,348,1664,1.75,224.32,3580.928,4,15,100,4096,0.329945,8,-0.844097985452068,-0.8390127181699338
6128,5.2,31,512,348,1664,1.75,224.32,3580.928,4,15,100,3840,0.465388,8,-0.570243057860152,-0.5711189013173886
6127,5.2,31,512,348,1664,1.75,224.32,3580.928,4,15,100,3584,0.370566,8,-0.7538190534926965,-0.7519312250144958
6101,5.2,31,512,348,3072,3.0,336.48,6610.944,4,15,100,5120,1.000096,8,0.09539744872355485,0.09129313845762164
6100,5.2,31,512,348,3072,3.0,336.48,6610.944,4,15,100,4864,0.855409,8,-0.04561575793248283,-0.04691342878910694
6098,5.2,31,512,348,3072,3.0,336.48,6610.944,4,15,100,4352,0.601319,8,-0.35479243126384735,-0.3586815456415101
6097,5.2,31,512,348,3072,3.0,336.48,6610.944,4,15,100,4096,0.255409,8,-1.0344860400031568,-1.0325452455405173
6096,5.2,31,512,348,3072,3.0,336.48,6610.944,4,15,100,3840,0.401908,8,-0.689338443018115,-0.6930563024960076
6095,5.2,31,512,348,3072,3.0,336.48,6610.944,4,15,100,3584,0.310944,8,-0.889298326810554,-0.8884177425024191
6094,5.2,31,512,348,3072,3.0,336.48,6610.944,4,15,100,3328,0.241976,8,-1.0730147198205398,-1.0698210311512093
6093,5.2,31,512,348,3072,3.0,336.48,6610.944,4,15,100,3072,0.173681,8,-1.2957920844170956,-1.2978359619968642
6092,5.2,31,512,348,3072,3.0,336.48,6610.944,4,15,100,2816,0.134642,8,-1.4496943306533934,-1.4496116061239446
6102,5.2,31,512,348,3072,3.0,336.48,6610.944,4,15,100,5376,1.184488,8,0.25036019536768195,0.25346323652797187
6091,5.2,31,512,348,3072,3.0,336.48,6610.944,4,15,100,2560,0.099163,8,-1.6136316940558888,-1.6128804476562268
6089,5.2,31,512,348,3072,3.0,336.48,6610.944,4,15,100,2048,0.02925,8,-2.0460067655935985,-2.0459775321586076
6088,5.2,31,512,348,3072,3.0,336.48,6610.944,4,15,100,1792,0.030431,8,-2.036910927681548,-2.0368998670217127
6087,5.2,31,512,348,3072,3.0,336.48,6610.944,4,15,100,1536,0.017547,8,-2.1409170253765963,-2.140882765083459
6086,5.2,31,512,348,3072,3.0,336.48,6610.944,4,15,100,1280,0.00848505,8,-2.221142903513697,-2.2210857698392856
6085,5.2,31,512,348,3072,3.0,336.48,6610.944,4,15,100,1024,0.003141857,8,-2.2716499858675374,-2.271651528072446
6084,5.2,31,512,348,3072,3.0,336.48,6610.944,4,15,100,768,0.00132843,8,-2.2893882555726646,-2.2893672852887237
6083,5.2,31,512,348,3072,3.0,336.48,6610.944,4,15,100,512,0.000403557,8,-2.2985576440652227,-2.29854337843807
6082,5.2,31,512,348,3072,3.0,336.48,6610.944,4,15,100,256,5.9297e-05,8,-2.3019922987312884,-2.3019966619970216
6368,5.2,27,8192,348,2048,2.0,224.32,4980.736,4,15,100,7936,1.491119,32,0.4644375422845476,0.4624350121293531
6090,5.2,31,512,348,3072,3.0,336.48,6610.944,4,15,100,2304,0.069457,8,-1.7751560716613364,-1.7754449884479033
6103,5.2,31,512,348,3072,3.0,336.48,6610.944,4,15,100,5632,1.36831,8,0.3841120795608522,0.38191677332802615
6104,5.2,31,512,348,3072,3.0,336.48,6610.944,4,15,100,5888,1.607214,8,0.5348628020940517,0.5373243077073624
6105,5.2,31,512,348,3072,3.0,336.48,6610.944,4,15,100,6144,1.78372,8,0.6332485451515939,0.6326005401363328
6126,5.2,31,512,348,1664,1.75,224.32,3580.928,4,15,100,3328,0.301596,8,-0.912308670813583,-0.9096673738273262
6125,5.2,31,512,348,1664,1.75,224.32,3580.928,4,15,100,3072,0.230098,8,-1.108365698911414,-1.1111650260914145
6124,5.2,31,512,348,1664,1.75,224.32,3580.928,4,15,100,2816,0.178817,8,-1.2771996263449492,-1.2786807086047596
6123,5.2,31,512,348,1664,1.75,224.32,3580.928,4,15,100,2560,0.134673,8,-1.4495622232200274,-1.449427991432618
6122,5.2,31,512,348,1664,1.75,224.32,3580.928,4,15,100,2304,0.095057,8,-1.6344634554396524,-1.6324280718963649
6121,5.2,31,512,348,1664,1.75,224.32,3580.928,4,15,100,2048,0.040361,8,-1.963537603755597,-1.963690761570419
6120,5.2,31,512,348,1664,1.75,224.32,3580.928,4,15,100,1792,0.042615,8,-1.947606587193139,-1.947634183447963
6119,5.2,31,512,348,1664,1.75,224.32,3580.928,4,15,100,1536,0.026126,8,-2.0704738716975752,-2.0705377274763452
6118,5.2,31,512,348,1664,1.75,224.32,3580.928,4,15,100,1280,0.015369,8,-2.1596195918450873,-2.1596249128129297
6117,5.2,31,512,348,1664,1.75,224.32,3580.928,4,15,100,1024,0.004953115,8,-2.2542415523555803,-2.254235176949318
6116,5.2,31,512,348,1664,1.75,224.32,3580.928,4,15,100,768,0.002044222,8,-2.282349010633479,-2.282339817860357
6115,5.2,31,512,348,1664,1.75,224.32,3580.928,4,15,100,512,0.000606111,8,-2.296542277634594,-2.2965783062916127
6114,5.2,31,512,348,1664,1.75,224.32,3580.928,4,15,100,256,8.1119e-05,8,-2.3017742318308327,-2.301783474706168
6113,5.2,31,512,348,3072,3.0,336.48,6610.944,4,15,100,8192,4.442547,8,1.5134878679600337,1.5093319239939078
6112,5.2,31,512,348,3072,3.0,336.48,6610.944,4,15,100,7936,4.177245,8,1.4533091107465446,1.456343068875795
6111,5.2,31,512,348,3072,3.0,336.48,6610.944,4,15,100,7680,3.716551,8,1.3393471351960569,1.3398072331889548
6110,5.2,31,512,348,3072,3.0,336.48,6610.944,4,15,100,7424,3.354148,8,1.2395758276773745,1.2414413178211294
6109,5.2,31,512,348,3072,3.0,336.48,6610.944,4,15,100,7168,2.898501,8,1.098112497126455,1.1000903270280946
6108,5.2,31,512,348,3072,3.0,336.48,6610.944,4,15,100,6912,2.633984,8,1.0057598860534702,1.0111232614225623
6107,5.2,31,512,348,3072,3.0,336.48,6610.944,4,15,100,6656,2.331644,8,0.8885675718101442,0.8924051162476738
6106,5.2,31,512,348,3072,3.0,336.48,6610.944,4,15,100,6400,2.078652,8,0.7787063369207881,0.7804025327049438
6176,5.2,31,512,348,2048,2.0,224.32,4980.736,4,15,100,7936,4.113551,8,1.438305760108603,1.4372566377908036
6369,5.2,27,8192,348,2048,2.0,224.32,4980.736,4,15,100,8192,1.639812,32,0.5537770614120392,0.5537820509315339
6259,5.2,27,2048,348,2048,2.0,224.32,4980.736,4,15,100,4608,0.307818,16,-0.896934282531929,-0.8966154227020876
2278,3.5,25,2048,348,2688,1.5,288.384,4709.376,4,15,100,256,0.00013869,16,-2.3011991538515444,-2.3011945241776806
2314,3.5,25,2048,348,2304,1.0,192.256,3552.768,4,15,100,1280,0.020675,16,-2.1146542974355804,-2.1146785918714155
2313,3.5,25,2048,348,2304,1.0,192.256,3552.768,4,15,100,1024,0.010441,16,-2.203273837270847,-2.20326959438857
2312,3.5,25,2048,348,2304,1.0,192.256,3552.768,4,15,100,768,0.004476122,16,-2.2587967312944826,-2.2588177689073934
2311,3.5,25,2048,348,2304,1.0,192.256,3552.768,4,15,100,512,0.001327409,16,-2.28939833176889,-2.2894230254235386
2310,3.5,25,2048,348,2304,1.0,192.256,3552.768,4,15,100,256,0.000174498,16,-2.300841633702832,-2.3008438013939836
2309,3.5,25,2048,348,2688,1.5,288.384,4709.376,4,15,100,8192,4.240883,16,1.4680777836391015,1.4715807572729604
2308,3.5,25,2048,348,2688,1.5,288.384,4709.376,4,15,100,7936,3.855678,16,1.3751520150988474,1.3756767136714627
2307,3.5,25,2048,348,2688,1.5,288.384,4709.376,4,15,100,7680,3.500335,16,1.2810268966882203,1.2787018455828119
2306,3.5,25,2048,348,2688,1.5,288.384,4709.376,4,15,100,7424,3.160941,16,1.18201580403388,1.1840514194746137
2305,3.5,25,2048,348,2688,1.5,288.384,4709.376,4,15,100,7168,2.844662,16,1.0799940397189154,1.0794143717074947
2304,3.5,25,2048,348,2688,1.5,288.384,4709.376,4,15,100,6912,2.554765,16,0.976356138535408,0.9789086522912325
2303,3.5,25,2048,348,2688,1.5,288.384,4709.376,4,15,100,6656,2.279634,16,0.8669466943451892,0.8683710873937351
2302,3.5,25,2048,348,2688,1.5,288.384,4709.376,4,15,100,6400,2.028876,16,0.7555941409084184,0.7580554242118623
2301,3.5,25,2048,348,2688,1.5,288.384,4709.376,4,15,100,6144,1.795638,16,0.6395554573336655,0.6408048889133
2300,3.5,25,2048,348,2688,1.5,288.384,4709.376,4,15,100,5888,1.581582,16,0.5197350169919189,0.5144173393692619
2299,3.5,25,2048,348,2688,1.5,288.384,4709.376,4,15,100,5632,1.38324,16,0.39422888418209356,0.3935641544854665
2298,3.5,25,2048,348,2688,1.5,288.384,4709.376,4,15,100,5376,1.20543,16,0.26653248841653127,0.26354032221118856
2297,3.5,25,2048,348,2688,1.5,288.384,4709.376,4,15,100,5120,1.041579,16,0.13241239177653708,0.13081992346917837
2296,3.5,25,2048,348,2688,1.5,288.384,4709.376,4,15,100,4864,0.893365,16,-0.00665710946429652,-0.004845567256418397
2315,3.5,25,2048,348,2304,1.0,192.256,3552.768,4,15,100,1536,0.035779,16,-1.996726714990669,-1.9969092481003616
2295,3.5,25,2048,348,2688,1.5,288.384,4709.376,4,15,100,4608,0.760169,16,-0.15062639741255748,-0.1498219855936857
2316,3.5,25,2048,348,2304,1.0,192.256,3552.768,4,15,100,1792,0.056704,16,-1.8533966034622302,-1.8527229420891504
2318,3.5,25,2048,348,2304,1.0,192.256,3552.768,4,15,100,2304,0.120361,16,-1.5124881683592377,-1.5119857648790713
2337,3.5,25,8192,348,2880,1.5,288.384,4291.2,4,15,100,3072,0.155175,32,-1.3658056946925747,-1.367966964777291
2336,3.5,25,8192,348,2880,1.5,288.384,4291.2,4,15,100,2816,0.119513,32,-1.5163438227081438,-1.5163967157692206
2335,3.5,25,8192,348,2880,1.5,288.384,4291.2,4,15,100,2560,0.089849,32,-1.6615262596345004,-1.6608795425265388
2334,3.5,25,8192,348,2880,1.5,288.384,4291.2,4,15,100,2304,0.065573,32,-1.7983430938022713,-1.7986903813820592
2333,3.5,25,8192,348,2880,1.5,288.384,4291.2,4,15,100,2048,0.046076,32,-1.9236282447666775,-1.923997931292758
2332,3.5,25,8192,348,2880,1.5,288.384,4291.2,4,15,100,1792,0.031409,32,-2.0294406821264905,-2.029529944664206
2331,3.5,25,8192,348,2880,1.5,288.384,4291.2,4,15,100,1536,0.019428,32,-2.1250415996531906,-2.125176946550489
2330,3.5,25,8192,348,2880,1.5,288.384,4291.2,4,15,100,1280,0.011307,32,-2.195463129596564,-2.195475889921954
2329,3.5,25,8192,348,2880,1.5,288.384,4291.2,4,15,100,1024,0.005790059,32,-2.2462987242749413,-2.2463106149616126
2328,3.5,25,8192,348,2880,1.5,288.384,4291.2,4,15,100,768,0.002478982,32,-2.2780975550885865,-2.278099009250697
2327,3.5,25,8192,348,2880,1.5,288.384,4291.2,4,15,100,512,0.000756226,32,-2.2950512835386165,-2.2950543943016295
2326,3.5,25,8192,348,2880,1.5,288.384,4291.2,4,15,100,256,0.000109153,32,-2.301494158279774,-2.3015035039279206
2325,3.5,25,2048,348,2304,1.0,192.256,3552.768,4,15,100,4096,0.564286,16,-0.4090424993486141,-0.4086111172617993
2324,3.5,25,2048,348,2304,1.0,192.256,3552.768,4,15,100,3840,0.486006,16,-0.5344252505496918,-0.534302935131385
2323,3.5,25,2048,348,2304,1.0,192.256,3552.768,4,15,100,3584,0.406234,16,-0.6807562659991064,-0.6808304702585676
2322,3.5,25,2048,348,2304,1.0,192.256,3552.768,4,15,100,3328,0.344553,16,-0.8106859960405038,-0.8122284028774512
2321,3.5,25,2048,348,2304,1.0,192.256,3552.768,4,15,100,3072,0.258832,16,-1.0249009665982038,-1.0279570316073865
2320,3.5,25,2048,348,2304,1.0,192.256,3552.768,4,15,100,2816,0.202779,16,-1.1947521125319116,-1.1935799567997976
2319,3.5,25,2048,348,2304,1.0,192.256,3552.768,4,15,100,2560,0.164099,16,-1.3314312461307478,-1.3278978573518805
2317,3.5,25,2048,348,2304,1.0,192.256,3552.768,4,15,100,2048,0.08457,16,-1.689726483662937,-1.691623317250357
2338,3.5,25,8192,348,2880,1.5,288.384,4291.2,4,15,100,3328,0.197437,32,-1.2125528411276463,-1.2114118288671414
2294,3.5,25,2048,348,2688,1.5,288.384,4709.376,4,15,100,4352,0.640652,16,-0.3002243996269313,-0.3046702909765964
2292,3.5,25,2048,348,2688,1.5,288.384,4709.376,4,15,100,3840,0.44048,16,-0.6152976453627019,-0.6155260307931782
2441,3.5,25,8192,348,2304,1.0,192.256,3552.768,4,15,100,5120,0.763126,32,-0.1471945962385131,-0.14751207989261148
2442,3.5,25,8192,348,2304,1.0,192.256,3552.768,4,15,100,5376,0.882803,32,-0.017346585836719396,-0.01758529733821269
2443,3.5,25,8192,348,2304,1.0,192.256,3552.768,4,15,100,5632,1.016242,32,0.10996768632958642,0.10569740657795335
2444,3.5,25,8192,348,2304,1.0,192.256,3552.768,4,15,100,5888,1.160208,32,0.23127678670436697,0.23217433011386784
2445,3.5,25,8192,348,2304,1.0,192.256,3552.768,4,15,100,6144,1.321277,32,0.3515557632636388,0.3508125353285093
2446,3.5,25,8192,348,2304,1.0,192.256,3552.768,4,15,100,6400,1.490137,32,0.46382017604228976,0.46292885721912014
2447,3.5,25,8192,348,2304,1.0,192.256,3552.768,4,15,100,6656,1.677804,32,0.5753788947947818,0.5757978094352582
2448,3.5,25,8192,348,2304,1.0,192.256,3552.768,4,15,100,6912,1.878298,32,0.6822368790823845,0.6828415887910613
2449,3.5,25,8192,348,2304,1.0,192.256,3552.768,4,15,100,7168,2.096308,32,0.7867777688215776,0.785171549399751
2450,3.5,25,8192,348,2304,1.0,192.256,3552.768,4,15,100,7424,2.327601,32,0.8869035269089559,0.8885020399086596
2451,3.5,25,8192,348,2304,1.0,192.256,3552.768,4,15,100,7680,2.581971,32,0.9865519719747786,0.9871926877940612
2452,3.5,25,8192,348,2304,1.0,192.256,3552.768,4,15,100,7936,2.844099,32,1.079802828018622,1.0780925351897401
2453,3.5,25,8192,348,2304,1.0,192.256,3552.768,4,15,100,8192,3.13035,32,1.1725904904972653,1.1701469067739818
2276,3.5,25,2048,348,2496,1.0,208.0,3524.352,4,15,100,7936,4.93247,16,1.6159109172621782,1.6157671382401917
2275,3.5,25,2048,348,2496,1.0,208.0,3524.352,4,15,100,7680,4.473028,16,1.520175567552428,1.520040758261804
2274,3.5,25,2048,348,2496,1.0,208.0,3524.352,4,15,100,7424,4.041193,16,1.4209839105770874,1.4202945131829747
2273,3.5,25,2048,348,2496,1.0,208.0,3524.352,4,15,100,7168,3.636622,16,1.3181819947316682,1.3186211375356636
2272,3.5,25,2048,348,2496,1.0,208.0,3524.352,4,15,100,6912,3.261677,16,1.2124399566054285,1.212443647713531
2430,3.5,25,8192,348,2304,1.0,192.256,3552.768,4,15,100,2304,0.088753,32,-1.6673159969395768,-1.6675548006218313
2440,3.5,25,8192,348,2304,1.0,192.256,3552.768,4,15,100,4864,0.653545,32,-0.2829665413982355,-0.2769920458657947
2293,3.5,25,2048,348,2688,1.5,288.384,4709.376,4,15,100,4096,0.535438,16,-0.4534407540876197,-0.45403768779320985
2439,3.5,25,8192,348,2304,1.0,192.256,3552.768,4,15,100,4608,0.556798,32,-0.4203787659155463,-0.41903046667877
2437,3.5,25,8192,348,2304,1.0,192.256,3552.768,4,15,100,4096,0.390632,32,-0.7120609230313207,-0.7123430373150978
2291,3.5,25,2048,348,2688,1.5,288.384,4709.376,4,15,100,3584,0.358344,16,-0.7801352850931081,-0.7782635082373384
2290,3.5,25,2048,348,2688,1.5,288.384,4709.376,4,15,100,3328,0.286943,16,-0.9494778836218297,-0.9475894734073019
2289,3.5,25,2048,348,2688,1.5,288.384,4709.376,4,15,100,3072,0.225923,16,-1.1210941218331913,-1.1169684667926705
2288,3.5,25,2048,348,2688,1.5,288.384,4709.376,4,15,100,2816,0.174075,16,-1.2943534874215332,-1.2933059202833264
2287,3.5,25,2048,348,2688,1.5,288.384,4709.376,4,15,100,2560,0.130779,16,-1.4662947363561238,-1.4667416372604642
2286,3.5,25,2048,348,2688,1.5,288.384,4709.376,4,15,100,2304,0.095402,16,-1.6326963040113018,-1.6323165724676667
2285,3.5,25,2048,348,2688,1.5,288.384,4709.376,4,15,100,2048,0.067052,16,-1.7894501377877066,-1.790735808593095
2284,3.5,25,2048,348,2688,1.5,288.384,4709.376,4,15,100,1792,0.044901,16,-1.9317045283680652,-1.9316584659502565
2283,3.5,25,2048,348,2688,1.5,288.384,4709.376,4,15,100,1536,0.02832,16,-2.0532281348639327,-2.053120099173384
2282,3.5,25,2048,348,2688,1.5,288.384,4709.376,4,15,100,1280,0.016387,16,-2.150834433770702,-2.150818205789277
2281,3.5,25,2048,348,2688,1.5,288.384,4709.376,4,15,100,1024,0.008415993,16,-2.22177966395872,-2.221776776089429
2280,3.5,25,2048,348,2688,1.5,288.384,4709.376,4,15,100,768,0.003555585,16,-2.2676467572980417,-2.2676590740054667
2279,3.5,25,2048,348,2688,1.5,288.384,4709.376,4,15,100,512,0.001026035,16,-2.2923770230812153,-2.2923935943660063
2432,3.5,25,8192,348,2304,1.0,192.256,3552.768,4,15,100,2816,0.144717,32,-1.40765283812277,-1.4077944712705546
2277,3.5,25,2048,348,2496,1.0,208.0,3524.352,4,15,100,8192,5.425151,16,1.7093105773470922,1.7091528230628643
2433,3.5,25,8192,348,2304,1.0,192.256,3552.768,4,15,100,3072,0.187936,32,-1.24501704576343,-1.2432649733341077
2434,3.5,25,8192,348,2304,1.0,192.256,3552.768,4,15,100,3328,0.20941,32,-1.1730880207449152,-1.1682802878785308
2435,3.5,25,8192,348,2304,1.0,192.256,3552.768,4,15,100,3584,0.261702,32,-1.0169346105950814,-1.0142452474325319
2436,3.5,25,8192,348,2304,1.0,192.256,3552.768,4,15,100,3840,0.321623,32,-0.8636437291633079,-0.8685313293235002
2438,3.5,25,8192,348,2304,1.0,192.256,3552.768,4,15,100,4352,0.467986,32,-0.5656585084520739,-0.5624684534453114
2270,3.5,25,2048,348,2496,1.0,208.0,3524.352,4,15,100,6400,2.592986,16,0.9906506151527478,0.9890205234422826
2339,3.5,25,8192,348,2880,1.5,288.384,4291.2,4,15,100,3584,0.246371,32,-1.0602448240432285,-1.0635931842005695
2341,3.5,25,8192,348,2880,1.5,288.384,4291.2,4,15,100,4096,0.367787,32,-0.7597422148718962,-0.7635344252765204
2406,3.5,25,8192,348,2688,1.5,288.384,4709.376,4,15,100,4352,0.487013,32,-0.5327083128916048,-0.5314136387699377
2405,3.5,25,8192,348,2688,1.5,288.384,4709.376,4,15,100,4096,0.405996,32,-0.6812265148642572,-0.6806615707130428
2404,3.5,25,8192,348,2688,1.5,288.384,4709.376,4,15,100,3840,0.334624,32,-0.8332739894908108,-0.8358022050199359
2403,3.5,25,8192,348,2688,1.5,288.384,4709.376,4,15,100,3584,0.272091,32,-0.9886168309685642,-0.9909523361544317
2402,3.5,25,8192,348,2688,1.5,288.384,4709.376,4,15,100,3328,0.21791,32,-1.1459869551272825,-1.1417094366241074
2401,3.5,25,8192,348,2688,1.5,288.384,4709.376,4,15,100,3072,0.171463,32,-1.303929428821435,-1.3061802069257404
2400,3.5,25,8192,348,2688,1.5,288.384,4709.376,4,15,100,2816,0.132062,32,-1.4607507016391335,-1.4611644931749017
2399,3.5,25,8192,348,2688,1.5,288.384,4709.376,4,15,100,2560,0.099274,32,-1.6130745168716834,-1.6129830640038285
2398,3.5,25,8192,348,2688,1.5,288.384,4709.376,4,15,100,2304,0.072512,32,-1.757288479712879,-1.757546982276606
2397,3.5,25,8192,348,2688,1.5,288.384,4709.376,4,15,100,2048,0.050856,32,-1.8914295395575156,-1.8913196356524573
2396,3.5,25,8192,348,2688,1.5,288.384,4709.376,4,15,100,1792,0.034036,32,-2.0096468583965614,-2.0097329572922225
2395,3.5,25,8192,348,2688,1.5,288.384,4709.376,4,15,100,1536,0.021503,32,-2.107816325148336,-2.1078407801623427
2394,3.5,25,8192,348,2688,1.5,288.384,4709.376,4,15,100,1280,0.012484,32,-2.184944289674424,-2.1849759482744004
2393,3.5,25,8192,348,2688,1.5,288.384,4709.376,4,15,100,1024,0.006415392,32,-2.240405050882946,-2.240424507918176
2392,3.5,25,8192,348,2688,1.5,288.384,4709.376,4,15,100,768,0.002742525,32,-2.275529177643886,-2.2755598097920524
2391,3.5,25,8192,348,2688,1.5,288.384,4709.376,4,15,100,512,0.000828017,32,-2.29433901553625,-2.294330480295773
2390,3.5,25,8192,348,2688,1.5,288.384,4709.376,4,15,100,256,0.000116034,32,-2.3014254256682,-2.3014292977407145
2389,3.5,25,8192,348,2496,1.0,208.0,3524.352,4,15,100,8192,4.155775,32,1.448276884100505,1.4477413464950946
2388,3.5,25,8192,348,2496,1.0,208.0,3524.352,4,15,100,7936,3.774829,32,1.354501532799338,1.3577609012355116
2407,3.5,25,8192,348,2688,1.5,288.384,4709.376,4,15,100,4608,0.578109,32,-0.3884472370017127,-0.39200153596759435
2387,3.5,25,8192,348,2496,1.0,208.0,3524.352,4,15,100,7680,3.423208,32,1.2593719382066795,1.260432755184622
2408,3.5,25,8192,348,2688,1.5,288.384,4709.376,4,15,100,4864,0.679723,32,-0.24881655057658206,-0.24881435019746342
2410,3.5,25,8192,348,2688,1.5,288.384,4709.376,4,15,100,5376,0.917746,32,0.0175903781549571,0.018022636957790442
2429,3.5,25,8192,348,2304,1.0,192.256,3552.768,4,15,100,2048,0.055738,32,-1.859580170831769,-1.8586633137884914
2428,3.5,25,8192,348,2304,1.0,192.256,3552.768,4,15,100,1792,0.037358,32,-1.9851646227784763,-1.9854549163156776
2427,3.5,25,8192,348,2304,1.0,192.256,3552.768,4,15,100,1536,0.023556,32,-2.0910607843919964,-2.0910333092933415
2426,3.5,25,8192,348,2304,1.0,192.256,3552.768,4,15,100,1280,0.01372,32,-2.174015992199338,-2.1739897899857192
2425,3.5,25,8192,348,2304,1.0,192.256,3552.768,4,15,100,1024,0.006162489,32,-2.2427844434907565,-2.2427772020727903
2424,3.5,25,8192,348,2304,1.0,192.256,3552.768,4,15,100,768,0.002617186,32,-2.276749855399548,-2.2767544598355673
2423,3.5,25,8192,348,2304,1.0,192.256,3552.768,4,15,100,512,0.000786133,32,-2.2947545022528573,-2.294756728341225
2422,3.5,25,8192,348,2304,1.0,192.256,3552.768,4,15,100,256,0.000111523,32,-2.301470484401057,-2.3014614020895494
2421,3.5,25,8192,348,2688,1.5,288.384,4709.376,4,15,100,8192,3.245707,32,1.2076780314859261,1.20926823472863
2420,3.5,25,8192,348,2688,1.5,288.384,4709.376,4,15,100,7936,2.952703,32,1.116027427658008,1.1173558308025489
2419,3.5,25,8192,348,2688,1.5,288.384,4709.376,4,15,100,7680,2.675578,32,1.0208590137976923,1.0202140907396815
2418,3.5,25,8192,348,2688,1.5,288.384,4709.376,4,15,100,7424,2.416609,32,0.9229123604230113,0.9246671416736223
2417,3.5,25,8192,348,2688,1.5,288.384,4709.376,4,15,100,7168,2.175194,32,0.8220653234925057,0.8234127643217433
2416,3.5,25,8192,348,2688,1.5,288.384,4709.376,4,15,100,6912,1.95001,32,0.7178446711871996,0.7174070576052085
2415,3.5,25,8192,348,2688,1.5,288.384,4709.376,4,15,100,6656,1.741478,32,0.6105685100491054,0.613954165857568
2414,3.5,25,8192,348,2688,1.5,288.384,4709.376,4,15,100,6400,1.548145,32,0.49965041305368174,0.4998502428467002
2413,3.5,25,8192,348,2688,1.5,288.384,4709.376,4,15,100,6144,1.3698,32,0.3851263371126338,0.382126489732375
2412,3.5,25,8192,348,2688,1.5,288.384,4709.376,4,15,100,5888,1.205601,32,0.26666347115878475,0.2628762331105083
2411,3.5,25,8192,348,2688,1.5,288.384,4709.376,4,15,100,5632,1.055221,32,0.14429166766155485,0.14080560447959228
2409,3.5,25,8192,348,2688,1.5,288.384,4709.376,4,15,100,5120,0.792666,32,-0.11354278822539739,-0.11365651248676083
2340,3.5,25,8192,348,2880,1.5,288.384,4291.2,4,15,100,3840,0.303005,32,-0.9088063101645286,-0.9085511303163059
2386,3.5,25,8192,348,2496,1.0,208.0,3524.352,4,15,100,7424,3.088493,32,1.1595483913810978,1.1590706359055656
2384,3.5,25,8192,348,2496,1.0,208.0,3524.352,4,15,100,6912,2.493175,32,0.9528829936737443,0.9542473870790302
2360,3.5,25,8192,348,2496,1.0,208.0,3524.352,4,15,100,768,0.00347753,32,-2.2684007912959196,-2.2683743063750343
2359,3.5,25,8192,348,2496,1.0,208.0,3524.352,4,15,100,512,0.001030235,32,-2.2923354505034315,-2.2923790729075093
2358,3.5,25,8192,348,2496,1.0,208.0,3524.352,4,15,100,256,0.00013626,32,-2.301223420490983,-2.3012156546921294
2357,3.5,25,8192,348,2880,1.5,288.384,4291.2,4,15,100,8192,2.945659,32,1.1137172981076002,1.1136998788588837
2356,3.5,25,8192,348,2880,1.5,288.384,4291.2,4,15,100,7936,2.676577,32,1.0212188740720474,1.0202140907396815
2355,3.5,25,8192,348,2880,1.5,288.384,4291.2,4,15,100,7680,2.426529,32,0.9268464240136558,0.9290066668871364
2354,3.5,25,8192,348,2880,1.5,288.384,4291.2,4,15,100,7424,2.190916,32,0.8289517375874753,0.8293755618172767
2353,3.5,25,8192,348,2880,1.5,288.384,4291.2,4,15,100,7168,1.980134,32,0.7324323147150724,0.7308178778609442
2352,3.5,25,8192,348,2880,1.5,288.384,4291.2,4,15,100,6912,1.774599,32,0.6283947698829708,0.6306050224261581
2351,3.5,25,8192,348,2880,1.5,288.384,4291.2,4,15,100,6656,1.58469,32,0.5215815706174891,0.5176080359173378
2350,3.5,25,8192,348,2880,1.5,288.384,4291.2,4,15,100,6400,1.408401,32,0.4110501493559689,0.4136135176554357
2349,3.5,25,8192,348,2880,1.5,288.384,4291.2,4,15,100,6144,1.246363,32,0.2974068828276129,0.2962555168626018
2348,3.5,25,8192,348,2880,1.5,288.384,4291.2,4,15,100,5888,1.096541,32,0.17943489439015273,0.17951019641521643
2347,3.5,25,8192,348,2880,1.5,288.384,4291.2,4,15,100,5632,0.956438,32,0.05490287201691274,0.056487671860315364
2346,3.5,25,8192,348,2880,1.5,288.384,4291.2,4,15,100,5376,0.831302,32,-0.07117167192112812,-0.06847257964596157
2345,3.5,25,8192,348,2880,1.5,288.384,4291.2,4,15,100,5120,0.718289,32,-0.20053970404190194,-0.1956760298443928
2344,3.5,25,8192,348,2880,1.5,288.384,4291.2,4,15,100,4864,0.615701,32,-0.3344927970050836,-0.3380063166459833
2343,3.5,25,8192,348,2880,1.5,288.384,4291.2,4,15,100,4608,0.523602,32,-0.47224293461956623,-0.471091350849658
2342,3.5,25,8192,348,2880,1.5,288.384,4291.2,4,15,100,4352,0.441106,32,-0.6141400858715464,-0.6151018844028662
2361,3.5,25,8192,348,2496,1.0,208.0,3524.352,4,15,100,1024,0.008217333,32,-2.2236137313144306,-2.2235902687350246
2385,3.5,25,8192,348,2496,1.0,208.0,3524.352,4,15,100,7168,2.782784,32,1.0587564938931797,1.0595723404712338
2362,3.5,25,8192,348,2496,1.0,208.0,3524.352,4,15,100,1280,0.015958,32,-2.1545272224040835,-2.1546266726811627
2364,3.5,25,8192,348,2496,1.0,208.0,3524.352,4,15,100,1792,0.04357,32,-1.9409325578425345,-1.9408719874046805
2383,3.5,25,8192,348,2496,1.0,208.0,3524.352,4,15,100,6656,2.227611,32,0.8448424196871315,0.8454242985964434
2382,3.5,25,8192,348,2496,1.0,208.0,3524.352,4,15,100,6400,1.979339,32,0.7320500547462347,0.7282435781082678
2381,3.5,25,8192,348,2496,1.0,208.0,3524.352,4,15,100,6144,1.75112,32,0.6157908613117165,0.6159541720856133
2380,3.5,25,8192,348,2496,1.0,208.0,3524.352,4,15,100,5888,1.541563,32,0.4956488367539519,0.49196653394730183
2379,3.5,25,8192,348,2496,1.0,208.0,3524.352,4,15,100,5632,1.347762,32,0.3700189158132927,0.3707045138147826
2378,3.5,25,8192,348,2496,1.0,208.0,3524.352,4,15,100,5376,1.17524,32,0.24313439619046717,0.24121854606253568
2377,3.5,25,8192,348,2496,1.0,208.0,3524.352,4,15,100,5120,1.012427,32,0.10654411492777652,0.10657156136835617
2376,3.5,25,8192,348,2496,1.0,208.0,3524.352,4,15,100,4864,0.8686,32,-0.03190354901300828,-0.030856277713740898
2375,3.5,25,8192,348,2496,1.0,208.0,3524.352,4,15,100,4608,0.738148,32,-0.17656058311541659,-0.17474670344522283
2374,3.5,25,8192,348,2496,1.0,208.0,3524.352,4,15,100,4352,0.622145,32,-0.3255293292282308,-0.3216992414714509
2373,3.5,25,8192,348,2496,1.0,208.0,3524.352,4,15,100,4096,0.518528,32,-0.4804128173577955,-0.48239674616750056
2372,3.5,25,8192,348,2496,1.0,208.0,3524.352,4,15,100,3840,0.427309,32,-0.6399685645086856,-0.6438537751728868
2371,3.5,25,8192,348,2496,1.0,208.0,3524.352,4,15,100,3584,0.34763,32,-0.8037882806616972,-0.8024800651013166
2370,3.5,25,8192,348,2496,1.0,208.0,3524.352,4,15,100,3328,0.278298,32,-0.9720730341665391,-0.9706975420100776
2369,3.5,25,8192,348,2496,1.0,208.0,3524.352,4,15,100,3072,0.218911,32,-1.1428432119893621,-1.1441242690356836
2368,3.5,25,8192,348,2496,1.0,208.0,3524.352,4,15,100,2816,0.168493,32,-1.314930436136567,-1.3140834462159146
2367,3.5,25,8192,348,2496,1.0,208.0,3524.352,4,15,100,2560,0.126687,32,-1.4841850676210735,-1.4828947599637925
2366,3.5,25,8192,348,2496,1.0,208.0,3524.352,4,15,100,2304,0.092352,32,-1.6484282521253855,-1.6459732717047408
2365,3.5,25,8192,348,2496,1.0,208.0,3524.352,4,15,100,2048,0.064923,32,-1.8022765806710004,-1.8024614959129566
2363,3.5,25,8192,348,2496,1.0,208.0,3524.352,4,15,100,1536,0.027474,32,-2.059842856747114,-2.05988353056718
2269,3.5,25,2048,348,2496,1.0,208.0,3524.352,4,15,100,6144,2.293772,16,0.872870364505108,0.872527641949937
2271,3.5,25,2048,348,2496,1.0,208.0,3524.352,4,15,100,6656,2.914516,16,1.1034392866127865,1.1027847253179381
2267,3.5,25,2048,348,2496,1.0,208.0,3524.352,4,15,100,5632,1.767257,16,0.6244705090765034,0.6228265004316037
2152,3.5,32,512,348,2688,1.5,288.384,4709.376,4,15,50,768,0.006167004,8,-2.242741915249042,-2.24272339879293
2151,3.5,32,512,348,2688,1.5,288.384,4709.376,4,15,50,512,0.001776101,8,-2.284979966670768,-2.284991164455091
2150,3.5,32,512,348,2688,1.5,288.384,4709.376,4,15,50,256,0.000231269,8,-2.300275073145534,-2.300290303280687
2149,3.5,32,512,348,2496,1.0,208.0,3524.352,4,15,50,8192,9.424111,8,2.2538265833236046,2.2494065474567573
2148,3.5,32,512,348,2496,1.0,208.0,3524.352,4,15,50,7936,8.579192,8,2.1609284367817394,2.159578213912492
2147,3.5,32,512,348,2496,1.0,208.0,3524.352,4,15,50,7680,7.784901,8,2.0649496648510826,2.0654844596328585
2146,3.5,32,512,348,2496,1.0,208.0,3524.352,4,15,50,7424,7.025985,8,1.963747962213705,1.9645182184152317
2145,3.5,32,512,348,2496,1.0,208.0,3524.352,4,15,50,7168,6.323045,8,1.859892304323042,1.8567747513018062
2144,3.5,32,512,348,2496,1.0,208.0,3524.352,4,15,50,6912,5.669469,8,1.7525800485555607,1.7527988868940276
2143,3.5,32,512,348,2496,1.0,208.0,3524.352,4,15,50,6656,5.066638,8,1.642222186854602,1.6429834420420895
2142,3.5,32,512,348,2496,1.0,208.0,3524.352,4,15,50,6400,4.505367,8,1.5272223625143415,1.5276020097153262
2141,3.5,32,512,348,2496,1.0,208.0,3524.352,4,15,50,6144,3.983698,8,1.407002950457521,1.4078005274689114
2140,3.5,32,512,348,2496,1.0,208.0,3524.352,4,15,50,5888,3.506346,8,1.2826950713705614,1.281969573072989
2139,3.5,32,512,348,2496,1.0,208.0,3524.352,4,15,50,5632,3.068001,8,1.1531007896086953,1.1533584557819145
2138,3.5,32,512,348,2496,1.0,208.0,3524.352,4,15,50,5376,2.672067,8,1.0195932513097308,1.0186671864963244
2137,3.5,32,512,348,2496,1.0,208.0,3524.352,4,15,50,5120,2.30627,8,0.8780778307077272,0.8756304841394577
2136,3.5,32,512,348,2496,1.0,208.0,3524.352,4,15,50,4864,1.977579,8,0.7312032734986057,0.7269068222119118
2135,3.5,32,512,348,2496,1.0,208.0,3524.352,4,15,50,4608,1.682752,8,0.5781582377879382,0.577888299258288
2134,3.5,32,512,348,2496,1.0,208.0,3524.352,4,15,50,4352,1.416828,8,0.41662131226385,0.41714432576482596
2153,3.5,32,512,348,2688,1.5,288.384,4709.376,4,15,50,1024,0.014608,8,-2.166237669110042,-2.1660864104462023
2154,3.5,32,512,348,2688,1.5,288.384,4709.376,4,15,50,1280,0.028503,8,-2.0518030286158813,-2.051867543969841
2155,3.5,32,512,348,2688,1.5,288.384,4709.376,4,15,50,1536,0.049199,8,-1.9024742936478065,-1.9022285763658235
2156,3.5,32,512,348,2688,1.5,288.384,4709.376,4,15,50,1792,0.078044,8,-1.72572456822548,-1.7247211694946423
2176,3.5,32,512,348,2688,1.5,288.384,4709.376,4,15,50,6912,4.449841,8,1.5150922872973214,1.5192829641508
2175,3.5,32,512,348,2688,1.5,288.384,4709.376,4,15,50,6656,3.973587,8,1.4045239380954182,1.4055699046801464
2174,3.5,32,512,348,2688,1.5,288.384,4709.376,4,15,50,6400,3.53356,8,1.290212883942206,1.2946714901437972
2173,3.5,32,512,348,2688,1.5,288.384,4709.376,4,15,50,6144,3.128271,8,1.1719466997958736,1.1703188496905996
2172,3.5,32,512,348,2688,1.5,288.384,4709.376,4,15,50,5888,2.753819,8,1.0486580972817887,1.0469890542030766
2171,3.5,32,512,348,2688,1.5,288.384,4709.376,4,15,50,5632,2.410434,8,0.9204556465632977,0.922307471143484
2170,3.5,32,512,348,2688,1.5,288.384,4709.376,4,15,50,5376,2.098499,8,0.787774854783041,0.7861141042870472
2169,3.5,32,512,348,2688,1.5,288.384,4709.376,4,15,50,5120,1.813258,8,0.6488075480659359,0.6517334361455726
2168,3.5,32,512,348,2688,1.5,288.384,4709.376,4,15,50,4864,1.553815,8,0.5030847402853557,0.5015608218671634
2133,3.5,32,512,348,2496,1.0,208.0,3524.352,4,15,50,4096,1.179132,8,0.24618172290076915,0.24833512550643125
2167,3.5,32,512,348,2688,1.5,288.384,4709.376,4,15,50,4608,1.32242,8,0.352359646421059,0.3515969790377942
2165,3.5,32,512,348,2688,1.5,288.384,4709.376,4,15,50,4096,0.929004,8,0.028591344113550562,0.03215726764069703
2164,3.5,32,512,348,2688,1.5,288.384,4709.376,4,15,50,3840,0.766204,8,-0.14363483234111174,-0.14629948727059253
2163,3.5,32,512,348,2688,1.5,288.384,4709.376,4,15,50,3584,0.623179,8,-0.32409850793638934,-0.323029638319966
2162,3.5,32,512,348,2688,1.5,288.384,4709.376,4,15,50,3328,0.498739,8,-0.5129295020332877,-0.514443049929405
2161,3.5,32,512,348,2688,1.5,288.384,4709.376,4,15,50,3072,0.392722,8,-0.7078101585110841,-0.7107155638828553
2160,3.5,32,512,348,2688,1.5,288.384,4709.376,4,15,50,2816,0.30257,8,-0.909886284201161,-0.9092983059831563
2159,3.5,32,512,348,2688,1.5,288.384,4709.376,4,15,50,2560,0.227359,8,-1.1166978509644991,-1.115391377812417
2158,3.5,32,512,348,2688,1.5,288.384,4709.376,4,15,50,2304,0.165801,8,-1.3250073704828307,-1.3258588936885376
2157,3.5,32,512,348,2688,1.5,288.384,4709.376,4,15,50,2048,0.116402,8,-1.5306174899083413,-1.5301921266118628
2166,3.5,32,512,348,2688,1.5,288.384,4709.376,4,15,50,4352,1.114773,8,0.19455722806165476,0.19612623120753983
2132,3.5,32,512,348,2496,1.0,208.0,3524.352,4,15,50,3840,0.974432,8,0.07179214984887929,0.07625943278986515
2131,3.5,32,512,348,2496,1.0,208.0,3524.352,4,15,50,3584,0.792443,8,-0.11379263291405224,-0.11300556832872555
2130,3.5,32,512,348,2496,1.0,208.0,3524.352,4,15,50,3328,0.634361,8,-0.3087545456611177,-0.30893732024457926
2105,3.5,32,512,348,2880,1.5,288.384,4291.2,4,15,50,5120,1.712978,8,0.5949707971155261,0.5970509776997273
2104,3.5,32,512,348,2880,1.5,288.384,4291.2,4,15,50,4864,1.467192,8,0.44928548298993815,0.4555706145058964
2103,3.5,32,512,348,2880,1.5,288.384,4291.2,4,15,50,4608,1.246541,8,0.2975390821189794,0.2966332134888847
2102,3.5,32,512,348,2880,1.5,288.384,4291.2,4,15,50,4352,1.049676,8,0.13948016354879914,0.13793910538327667
2101,3.5,32,512,348,2880,1.5,288.384,4291.2,4,15,50,4096,0.863297,8,-0.03739350351802085,-0.03866147674171669
2100,3.5,32,512,348,2880,1.5,288.384,4291.2,4,15,50,3840,0.721165,8,-0.19703121530092527,-0.19342675280057214
2099,3.5,32,512,348,2880,1.5,288.384,4291.2,4,15,50,3584,0.585679,8,-0.37734569079882696,-0.3739380524284242
2098,3.5,32,512,348,2880,1.5,288.384,4291.2,4,15,50,3328,0.46864,8,-0.5645077340158505,-0.5611647919522827
2097,3.5,32,512,348,2880,1.5,288.384,4291.2,4,15,50,3072,0.368488,8,-0.7582447912923146,-0.7607707637308433
2106,3.5,32,512,348,2880,1.5,288.384,4291.2,4,15,50,5376,2.012516,8,0.7478796541850067,0.748857475882736
2096,3.5,32,512,348,2880,1.5,288.384,4291.2,4,15,50,2816,0.284244,8,-0.9564775115194369,-0.9576538054419514
2094,3.5,32,512,348,2880,1.5,288.384,4291.2,4,15,50,2304,0.15562,8,-1.3640633122785686,-1.3646518339058402
2093,3.5,32,512,348,2880,1.5,288.384,4291.2,4,15,50,2048,0.108193,8,-1.5692897448842558,-1.5703458719232848
2092,3.5,32,512,348,2880,1.5,288.384,4291.2,4,15,50,1792,0.073153,8,-1.7535796822658962,-1.7532324069411116
2091,3.5,32,512,348,2880,1.5,288.384,4291.2,4,15,50,1536,0.046027,8,-1.9239637428646743,-1.924124933013796
2090,3.5,32,512,348,2880,1.5,288.384,4291.2,4,15,50,1280,0.026677,8,-2.0661147393098283,-2.0663668882384583
2089,3.5,32,512,348,2880,1.5,288.384,4291.2,4,15,50,1024,0.013596,8,-2.175106984582623,-2.1750475001474943
2088,3.5,32,512,348,2880,1.5,288.384,4291.2,4,15,50,768,0.005753846,8,-2.246641092922752,-2.2466979417890025
2087,3.5,32,512,348,2880,1.5,288.384,4291.2,4,15,50,512,0.001669861,8,-2.2860243718642916,-2.286008170708605
2086,3.5,32,512,348,2880,1.5,288.384,4291.2,4,15,50,256,0.000222785,8,-2.3003597209721636,-2.300341970158818
2095,3.5,32,512,348,2880,1.5,288.384,4291.2,4,15,50,2560,0.213391,8,-1.1603036667667588,-1.159591361216848
2177,3.5,32,512,348,2688,1.5,288.384,4709.376,4,15,50,7168,4.957205,8,1.62081395914451,1.6214852233132269
2107,3.5,32,512,348,2880,1.5,288.384,4291.2,4,15,50,5632,2.313393,8,0.8810336411807944,0.878217327452978
2109,3.5,32,512,348,2880,1.5,288.384,4291.2,4,15,50,6144,2.958537,8,1.1179366970606917,1.1179817634440088
2129,3.5,32,512,348,2496,1.0,208.0,3524.352,4,15,50,3072,0.499066,8,-0.5123835032970601,-0.5101514279950554
2128,3.5,32,512,348,2496,1.0,208.0,3524.352,4,15,50,2816,0.384299,8,-0.7250527944109308,-0.7243307051851346
2127,3.5,32,512,348,2496,1.0,208.0,3524.352,4,15,50,2560,0.288843,8,-0.944579615803399,-0.9468582496338286
2126,3.5,32,512,348,2496,1.0,208.0,3524.352,4,15,50,2304,0.210685,8,-1.1689757418303104,-1.1671223394172778
2125,3.5,32,512,348,2496,1.0,208.0,3524.352,4,15,50,2048,0.147741,8,-1.3953714333743612,-1.394958679188546
2124,3.5,32,512,348,2496,1.0,208.0,3524.352,4,15,50,1792,0.099157,8,-1.6136618205873232,-1.6123273525098119
2123,3.5,32,512,348,2496,1.0,208.0,3524.352,4,15,50,1536,0.062534,8,-1.8168680683288188,-1.8163554876373595
2122,3.5,32,512,348,2496,1.0,208.0,3524.352,4,15,50,1280,0.036222,8,-1.9934693711449005,-1.9936762853265693
2121,3.5,32,512,348,2496,1.0,208.0,3524.352,4,15,50,1024,0.018557,8,-2.1323614213982274,-2.1322586477226464
2108,3.5,32,512,348,2880,1.5,288.384,4291.2,4,15,50,5888,2.604531,8,0.994928514641171,0.994378853609597
2120,3.5,32,512,348,2496,1.0,208.0,3524.352,4,15,50,768,0.00785782,8,-2.2269414006624375,-2.22693101090251
2118,3.5,32,512,348,2496,1.0,208.0,3524.352,4,15,50,256,0.000307561,8,-2.299514203007012,-2.299505851011597
2117,3.5,32,512,348,2880,1.5,288.384,4291.2,4,15,50,8192,7.033428,8,1.9647919042996742,1.964732421553134
2116,3.5,32,512,348,2880,1.5,288.384,4291.2,4,15,50,7936,6.413165,8,1.873825513190855,1.8704034119397954
2115,3.5,32,512,348,2880,1.5,288.384,4291.2,4,15,50,7680,5.820773,8,1.7784670146961534,1.7773062448511245
2114,3.5,32,512,348,2880,1.5,288.384,4291.2,4,15,50,7424,5.317851,8,1.6896992423618962,1.6933231765675025
2113,3.5,32,512,348,2880,1.5,288.384,4291.2,4,15,50,7168,4.774228,8,1.583961732935345,1.584775255669735
2112,3.5,32,512,348,2880,1.5,288.384,4291.2,4,15,50,6912,4.225247,8,1.4644692485797282,1.4609929766706944
2111,3.5,32,512,348,2880,1.5,288.384,4291.2,4,15,50,6656,3.771904,8,1.3537463757185397,1.3571332824316444
2110,3.5,32,512,348,2880,1.5,288.384,4291.2,4,15,50,6400,3.355297,8,1.2399084158984521,1.2405647189896831
2119,3.5,32,512,348,2496,1.0,208.0,3524.352,4,15,50,512,0.002344514,8,-2.2794105687022066,-2.27940807161943
2268,3.5,25,2048,348,2496,1.0,208.0,3524.352,4,15,100,5888,2.019724,16,0.7512858915293942,0.7481084643099122
2178,3.5,32,512,348,2688,1.5,288.384,4709.376,4,15,50,7424,5.50608,8,1.72385172306532,1.723075197519369
2180,3.5,32,512,348,2688,1.5,288.384,4709.376,4,15,50,7936,6.721334,8,1.920055053900976,1.9194554652545528
2243,3.5,25,2048,348,2880,1.5,288.384,4291.2,4,15,100,7680,3.180975,16,1.188140634321773,1.1889410270592808
2242,3.5,25,2048,348,2880,1.5,288.384,4291.2,4,15,100,7424,2.918587,16,1.1047888411017037,1.1024315464189203
2241,3.5,25,2048,348,2880,1.5,288.384,4291.2,4,15,100,7168,2.582645,16,0.9868032481159028,0.9875888160290944
2240,3.5,25,2048,348,2880,1.5,288.384,4291.2,4,15,100,6912,2.31975,16,0.883664229047061,0.8783221691599598
2239,3.5,25,2048,348,2880,1.5,288.384,4291.2,4,15,100,6656,2.069449,16,0.7744732182592846,0.7730746763639531
2238,3.5,25,2048,348,2880,1.5,288.384,4291.2,4,15,100,6400,1.84103,16,0.6632187600179722,0.6648003817934974
2237,3.5,25,2048,348,2880,1.5,288.384,4291.2,4,15,100,6144,1.628808,16,0.5474321536871068,0.5466591481424554
2236,3.5,25,2048,348,2880,1.5,288.384,4291.2,4,15,100,5888,1.434295,16,0.4280709921486183,0.4273908493437202
2244,3.5,25,2048,348,2880,1.5,288.384,4291.2,4,15,100,7936,3.562422,16,1.2981246771880752,1.299523112768616
2235,3.5,25,2048,348,2880,1.5,288.384,4291.2,4,15,100,5632,1.255045,16,0.3038346641123167,0.3071068645729531
2233,3.5,25,2048,348,2880,1.5,288.384,4291.2,4,15,100,5120,0.943535,16,0.0426139879405293,0.04664875641317633
2232,3.5,25,2048,348,2880,1.5,288.384,4291.2,4,15,100,4864,0.809162,16,-0.09523198286178544,-0.09469179366995661
2231,3.5,25,2048,348,2880,1.5,288.384,4291.2,4,15,100,4608,0.688386,16,-0.23776746134474877,-0.2383122786430563
2230,3.5,25,2048,348,2880,1.5,288.384,4291.2,4,15,100,4352,0.589411,16,-0.3719176691229818,-0.36338302725804605
2229,3.5,25,2048,348,2880,1.5,288.384,4291.2,4,15,100,4096,0.483629,16,-0.5384897719985235,-0.5398562811966884
2228,3.5,25,2048,348,2880,1.5,288.384,4291.2,4,15,100,3840,0.39857,16,-0.6960112781745955,-0.6943680622336578
2227,3.5,25,2048,348,2880,1.5,288.384,4291.2,4,15,100,3584,0.324119,16,-0.8577412027505767,-0.864959344522696
2179,3.5,32,512,348,2688,1.5,288.384,4709.376,4,15,50,7680,6.095476,8,1.8238193482875513,1.8286175451684918
2234,3.5,25,2048,348,2880,1.5,288.384,4291.2,4,15,100,5376,1.092631,16,0.17616179099640877,0.1768662763768788
2245,3.5,25,2048,348,2880,1.5,288.384,4291.2,4,15,100,8192,3.855625,16,1.3751386165474326,1.3755098362705525
2246,3.5,25,2048,348,2496,1.0,208.0,3524.352,4,15,100,256,0.000175204,16,-2.3008345860257657,-2.300831392363874
2247,3.5,25,2048,348,2496,1.0,208.0,3524.352,4,15,100,512,0.001341409,16,-2.289260175340482,-2.2893479282493705
2266,3.5,25,2048,348,2496,1.0,208.0,3524.352,4,15,100,5376,1.537543,16,0.49319694772447903,0.49128564377926204
2265,3.5,25,2048,348,2496,1.0,208.0,3524.352,4,15,100,5120,1.329286,16,0.3571750188804135,0.3595017747557694
2264,3.5,25,2048,348,2496,1.0,208.0,3524.352,4,15,100,4864,1.139427,16,0.2146491760431352,0.21359108815575506
2263,3.5,25,2048,348,2496,1.0,208.0,3524.352,4,15,100,4608,0.969434,16,0.06712953655617233,0.06400703505594495
2262,3.5,25,2048,348,2496,1.0,208.0,3524.352,4,15,100,4352,0.816876,16,-0.08678303942427228,-0.08596456990910431
2261,3.5,25,2048,348,2496,1.0,208.0,3524.352,4,15,100,4096,0.681462,16,-0.24658875474299133,-0.24673117087992263
2260,3.5,25,2048,348,2496,1.0,208.0,3524.352,4,15,100,3840,0.561818,16,-0.41276468531508836,-0.41604167546499016
2259,3.5,25,2048,348,2496,1.0,208.0,3524.352,4,15,100,3584,0.457084,16,-0.5850392425257597,-0.5847674432805545
2258,3.5,25,2048,348,2496,1.0,208.0,3524.352,4,15,100,3328,0.366095,16,-0.7633658029727154,-0.7632091707075935
2257,3.5,25,2048,348,2496,1.0,208.0,3524.352,4,15,100,3072,0.288065,16,-0.9465824276165431,-0.9459709119158497
2256,3.5,25,2048,348,2496,1.0,208.0,3524.352,4,15,100,2816,0.221944,16,-1.133377661605834,-1.1359860366291545
2255,3.5,25,2048,348,2496,1.0,208.0,3524.352,4,15,100,2560,0.166761,16,-1.3214021525370985,-1.3222802634573372
2254,3.5,25,2048,348,2496,1.0,208.0,3524.352,4,15,100,2304,0.121582,16,-1.5069625548449583,-1.5067106766276288
2253,3.5,25,2048,348,2496,1.0,208.0,3524.352,4,15,100,2048,0.085391,16,-1.6852881707179856,-1.684071770966844
2252,3.5,25,2048,348,2496,1.0,208.0,3524.352,4,15,100,1792,0.05727,16,-1.849791205479503,-1.850232360281713
2251,3.5,25,2048,348,2496,1.0,208.0,3524.352,4,15,100,1536,0.036137,16,-1.9940935473443993,-1.9943726853397346
2250,3.5,25,2048,348,2496,1.0,208.0,3524.352,4,15,100,1280,0.020908,16,-2.1127253531618027,-2.1126561440645917
2249,3.5,25,2048,348,2496,1.0,208.0,3524.352,4,15,100,1024,0.010729,16,-2.200669504289148,-2.200635641530476
2248,3.5,25,2048,348,2496,1.0,208.0,3524.352,4,15,100,768,0.004544337,16,-2.258144020045563,-2.258135385925178
2225,3.5,25,2048,348,2880,1.5,288.384,4291.2,4,15,100,3072,0.204372,16,-1.1895046414566899,-1.1877770833340804
2224,3.5,25,2048,348,2880,1.5,288.384,4291.2,4,15,100,2816,0.157389,16,-1.3571667197760138,-1.3546368217085982
2226,3.5,25,2048,348,2880,1.5,288.384,4291.2,4,15,100,3328,0.259411,16,-1.02328869853455,-1.0275162378701703
2222,3.5,25,2048,348,2880,1.5,288.384,4291.2,4,15,100,2304,0.08622,16,-1.6808265085217533,-1.6798058368565467
2223,3.5,25,2048,348,2880,1.5,288.384,4291.2,4,15,100,2560,0.118292,16,-1.5219216629140577,-1.5232663943220612
2197,3.5,32,512,348,2304,1.0,192.256,3552.768,4,15,50,4096,0.959181,8,0.05749596797325235,0.05576950365602861
2196,3.5,32,512,348,2304,1.0,192.256,3552.768,4,15,50,3840,0.816653,8,-0.08702628619168053,-0.08595040611772722
2195,3.5,32,512,348,2304,1.0,192.256,3552.768,4,15,50,3584,0.644837,8,-0.2945898764873359,-0.30325959179129486
2194,3.5,32,512,348,2304,1.0,192.256,3552.768,4,15,50,3328,0.515169,8,-0.4858582521773626,-0.48538146221453105
2193,3.5,32,512,348,2304,1.0,192.256,3552.768,4,15,50,3072,0.410016,8,-0.673313181206854,-0.6726402852625175
2192,3.5,32,512,348,2304,1.0,192.256,3552.768,4,15,50,2816,0.31183,8,-0.8871446361434513,-0.8849243378995348
2191,3.5,32,512,348,2304,1.0,192.256,3552.768,4,15,50,2560,0.233728,8,-1.0974289890433346,-1.0968681876566329
2199,3.5,32,512,348,2304,1.0,192.256,3552.768,4,15,50,4608,1.402548,8,0.4071623336723465,0.4047239171637353
2190,3.5,32,512,348,2304,1.0,192.256,3552.768,4,15,50,2304,0.191974,8,-1.2310905217741395,-1.232313560132842
2188,3.5,32,512,348,2304,1.0,192.256,3552.768,4,15,50,1792,0.103356,8,-1.5927971412859754,-1.5942015969741175
2187,3.5,32,512,348,2304,1.0,192.256,3552.768,4,15,50,1536,0.065316,8,-1.7998964851309582,-1.8005076354775664
2186,3.5,32,512,348,2304,1.0,192.256,3552.768,4,15,50,1280,0.028981,8,-2.0480901722899394,-2.04812917190751
2185,3.5,32,512,348,2304,1.0,192.256,3552.768,4,15,50,1024,0.014626,8,-2.166080624343236,-2.1659770062885038
2184,3.5,32,512,348,2304,1.0,192.256,3552.768,4,15,50,768,0.006192377,8,-2.2425029524115985,-2.242523966968638
2183,3.5,32,512,348,2304,1.0,192.256,3552.768,4,15,50,512,0.001786107,8,-2.2848816576564737,-2.284881995799954
2182,3.5,32,512,348,2304,1.0,192.256,3552.768,4,15,50,256,0.00023226,8,-2.300265186060288,-2.300265186082842
2181,3.5,32,512,348,2688,1.5,288.384,4709.376,4,15,50,8192,7.388869,8,2.013417784792165,2.014512813602916
2189,3.5,32,512,348,2304,1.0,192.256,3552.768,4,15,50,2048,0.133199,8,-1.4558631126796593,-1.4576490122228751
2200,3.5,32,512,348,2304,1.0,192.256,3552.768,4,15,50,4864,1.627241,8,0.5465253377783158,0.5464086059498084
2198,3.5,32,512,348,2304,1.0,192.256,3552.768,4,15,50,4352,1.175047,8,0.24298304067607324,0.2413317919885323
2202,3.5,32,512,348,2304,1.0,192.256,3552.768,4,15,50,5376,2.265418,8,0.8609547505125293,0.8612730792453877
2221,3.5,25,2048,348,2880,1.5,288.384,4291.2,4,15,100,2048,0.0606,16,-1.8288384774694757,-1.82889945916849
2220,3.5,25,2048,348,2880,1.5,288.384,4291.2,4,15,100,1792,0.040617,16,-1.9617153965305756,-1.9620215575309794
2219,3.5,25,2048,348,2880,1.5,288.384,4291.2,4,15,100,1536,0.025632,16,-2.074398280328141,-2.0742898419328974
2218,3.5,25,2048,348,2880,1.5,288.384,4291.2,4,15,100,1280,0.014871,16,-2.1639455193695505,-2.164089185717084
2217,3.5,25,2048,348,2880,1.5,288.384,4291.2,4,15,100,1024,0.007609263,16,-2.229248547599162,-2.229241233468687
2216,3.5,25,2048,348,2880,1.5,288.384,4291.2,4,15,100,768,0.003224696,16,-2.2708471522373275,-2.2708239673838673
2215,3.5,25,2048,348,2880,1.5,288.384,4291.2,4,15,100,512,0.000950527,16,-2.293124713830775,-2.293148499713994
2201,3.5,32,512,348,2304,1.0,192.256,3552.768,4,15,50,5120,1.902692,8,0.6944922755139823,0.6925540454795933
2214,3.5,25,2048,348,2880,1.5,288.384,4291.2,4,15,100,256,0.000130848,16,-2.301277468307975,-2.3012753048617194
2213,3.5,32,512,348,2304,1.0,192.256,3552.768,4,15,50,8192,7.987331,8,2.090298763163554,2.0895111947380753
2431,3.5,25,8192,348,2304,1.0,192.256,3552.768,4,15,100,2560,0.125573,32,-1.4891114473716216,-1.4867754738836592
2211,3.5,32,512,348,2304,1.0,192.256,3552.768,4,15,50,7680,6.800616,8,1.9316106829807245,1.9312634573346676
2210,3.5,32,512,348,2304,1.0,192.256,3552.768,4,15,50,7424,6.051175,8,1.8166431204799482,1.8148320453001043
2209,3.5,32,512,348,2304,1.0,192.256,3552.768,4,15,50,7168,5.249186,8,1.6769443997992906,1.676162744988932
2208,3.5,32,512,348,2304,1.0,192.256,3552.768,4,15,50,6912,4.769546,8,1.583000708929586,1.5837262403118855
2207,3.5,32,512,348,2304,1.0,192.256,3552.768,4,15,50,6656,4.225455,8,1.4645173371626061,1.4611489893017826
2206,3.5,32,512,348,2304,1.0,192.256,3552.768,4,15,50,6400,3.828372,8,1.3682250906923317,1.3694674074316238
2205,3.5,32,512,348,2304,1.0,192.256,3552.768,4,15,50,6144,3.434204,8,1.2624880971890386,1.262067880200224
2204,3.5,32,512,348,2304,1.0,192.256,3552.768,4,15,50,5888,2.956639,8,1.1173159463052116,1.1174311281478484
2203,3.5,32,512,348,2304,1.0,192.256,3552.768,4,15,50,5632,2.568137,8,0.9813804760603833,0.9809291249137075
2212,3.5,32,512,348,2304,1.0,192.256,3552.768,4,15,50,7936,7.369027,8,2.010764736310155,2.0117241915561848
